date,date_end_if_multi_day_report,district_th,district_slug,road_th,road_normalized_th,location_th,depth_cm,duration_min_verified,rain_mm
2021-10-02,,เขตดินแดง,bangkok-din-daeng,ประชาสงเคราะห์,ประชาสงเคราะห์,หน้าตลาดห้วยขวาง,20,130,57
2021-10-02,,เขตดินแดง,bangkok-din-daeng,รัชดาภิเษก,รัชดาภิเษก,แยกเทียมร่วมมิตร,20,100,57
2021-10-02,,เขตดินแดง,bangkok-din-daeng,,,ซอยอินทามระ 53,20,135,57
2021-10-02,,เขตวังทองหลาง,bangkok-wang-thonglang,ลาดพร้าว,ลาดพร้าว,ซอยลาดพร้าว 122 - คลองเจ้าคุณสิงห์ (ขาเข้า),20,225,101
2021-10-02,,เขตวังทองหลาง,bangkok-wang-thonglang,ลาดพร้าว,ลาดพร้าว,ซอยลาดพร้าว 122 - คลองเจ้าคุณสิงห์ (ขาออก),20,225,101
2021-10-02,,เขตบึงกุ่ม,bangkok-bung-kum,นวมินทร์,นวมินทร์,ตรงข้ามซอยนวมินทร์ 77- ซอยนวมินทร์ 95 (ขาเข้า),25,70,69
2021-10-02,,เขตบึงกุ่ม,bangkok-bung-kum,นวมินทร์,นวมินทร์,ซอยนวมินทร์ 77- ซอยนวมินทร์ 95 (ขาออก),25,70,69
2021-10-02,,เขตสวนหลวง,bangkok-suan-luang,รามคำแหง,รามคำแหง,ซอยรามคำเเหง 1 - ซอยรามคำเเหง 5,15,35,90
2021-10-02,,เขตบางกะปิ,bangkok-bang-kapi,ศรีนครินทร์,ศรีนครินทร์,หน้า บ.กรีนสปอร์ต,20,55,90
2021-10-02,,เขตบางกะปิ,bangkok-bang-kapi,ศรีนครินทร์,ศรีนครินทร์,ฝั่งตรงข้าม บ.กรีนสปอร์ต,20,55,90
2021-10-02,,เขตบางกะปิ,bangkok-bang-kapi,รามคำแหง,รามคำแหง,ซอย 39 - 65,20,165,101
2021-10-02,,เขตบางกะปิ,bangkok-bang-kapi,รามคำแหง,รามคำแหง,ตรงข้ามซอย 39 - 65,20,165,101
2021-10-02,,เขตดินแดง,bangkok-din-daeng,ดินแดง,ดินแดง,อุโมงค์ทางลอดดินแดง,20,75,57
2021-10-14,,เขตจตุจักร,bangkok-chatuchak,รัชดาภิเษก,รัชดาภิเษก,แยกรัชโยธินถึงแยกลาดพร้าว,20,260,84
2021-10-14,,เขตหลักสี่,bangkok-lak-si,งามวงศ์วาน,งามวงศ์วาน,หน้าตลาดพงษ์เพชร,20,95,61
2021-10-14,,เขตจตุจักร,bangkok-chatuchak,รัชดาภิเษก,รัชดาภิเษก,ศาลอาญา,20,260,84
2021-10-14,,เขตจตุจักร,bangkok-chatuchak,เทศบาลสงเคราะห์,เทศบาลสงเคราะห์,ตลาดประชานิเวศน์ ขาเข้า,20,145,102
2021-10-14,,เขตจตุจักร,bangkok-chatuchak,เทศบาลสงเคราะห์,เทศบาลสงเคราะห์,ตลาดประชานิเวศน์ ขาออก,20,145,102
2021-10-14,,เขตบึงกุ่ม,bangkok-bung-kum,นวมินทร์,นวมินทร์,หน้าปากซอยนวมินทร์ 79,15,30,63
2021-10-14,,เขตจตุจักร,bangkok-chatuchak,เสนานิคม,เสนานิคม,ปากซอยเสนานิคม 1-คลองลาดพร้าว,30,230,84
2021-10-16,,เขตวัฒนา,bangkok-watthana,สุขุมวิท 71,สุขุมวิท 71,ปากซอยสุขุมวิท - ถนนปรีดีพนมยงค์ 18,25,105,63
2021-10-16,,เขตวัฒนา,bangkok-watthana,สุขุมวิท,สุขุมวิท,ปากซอยสุขุมวิท 39 - แยกถนนพร้อมศรี,25,220,63
2021-11-01,,เขตสาทร,bangkok-sathorn,สาธุประดิษฐ์,สาธุประดิษฐ์,ถนนสาธุประดิษฐ์ ตลอดสาย,20,59,51
2021-11-01,,เขตสาทร,bangkok-sathorn,จันทน์,จันทน์,แยกสาธุประดิษฐฺ์-หน้าตลาด,20,50,51
2022-02-04,,เขตวัฒนา,bangkok-watthana,สุขุมวิท,สุขุมวิท,ซอยสุขุมวิท 39,15,45,35
2022-02-04,,เขตคลองเตย,bangkok-khlong-toei,สุขุมวิท,สุขุมวิท,ซอยสุขุมวิท 26,15,40,47
2022-03-03,,เขตดินแดง,bangkok-din-daeng,รัชดาภิเษก,รัชดาภิเษก,แยกเทียมร่วมมิตร,20,35,63
2022-03-20,,เขตดินแดง,bangkok-din-daeng,ประชาสงเคราะห์,ประชาสงเคราะห์,หน้าตลาดห้วยขวาง,20,90,100
2022-03-20,,เขตดินแดง,bangkok-din-daeng,รัชดาภิเษก,รัชดาภิเษก,แยกเทียมร่วมมิตร,20,20,100
2022-05-09,,เขตหลักสี่,bangkok-lak-si,แจ้งวัฒนะ,แจ้งวัฒนะ,หน้าโลตัส,10,125,74
2022-05-09,,เขตหลักสี่,bangkok-lak-si,แจ้งวัฒนะ,แจ้งวัฒนะ,หน้า มทบ.11,10,155,74
2022-05-17,,เขตดินแดง,bangkok-din-daeng,รัชดาภิเษก,รัชดาภิเษก,แยกเทียมร่วมมิตร,10,30,44
2022-05-17,,เขตดินแดง,bangkok-din-daeng,ประชาสุข,ประชาสุข,ซอยอินทมาระ53,10,65,27
2022-05-17,,เขตหลักสี่,bangkok-lak-si,แจ้งวัฒนะ,แจ้งวัฒนะ,หน้าโลตัส,10,220,124
2022-05-17,,เขตหลักสี่,bangkok-lak-si,แจ้งวัฒนะ,แจ้งวัฒนะ,หน้า มทบ.11,10,290,124
2022-05-17,,เขตพญาไท,bangkok-phaya-thai,พหลโยธิน,พหลโยธิน,หน้า ตชด. - แยกสะพานควาย,10,199,110
2022-05-17,,เขตพญาไท,bangkok-phaya-thai,พระรามที่ 6,พระราม 6,ช่วงลงทางด่วน,15,204,110
2022-05-17,,เขตบางกอกน้อย,bangkok-noi,อิสรภาพ,อิสรภาพ,ซอยอิสรภาพ 44 - ตลาดพรานนก,15,115,63
2022-05-17,,เขตวัฒนา,bangkok-watthana,สุขุมวิท,สุขุมวิท,ปากซอยสุขุมวิท 39,30,150,90
2022-05-17,,เขตราชเทวี,bangkok-ratchathewi,ศรีอยุธยา,ศรีอยุธยา,หน้าวังสวนผักกาด,10,164,93
2022-05-17,,เขตบางซื่อ,bangkok-bang-sue,ประชาราษฎร์2,ประชาราษฎร์ 2,แยกประชาชื่น - แยกบางโพ,25,140,136
2022-05-17,,เขตพญาไท,bangkok-phaya-thai,ประดิพัทธ์,ประดิพัทธ์,ซอยประดิพัทธ์ 21 - แยกสะพานควาย,15,195,110
2022-05-17,,เขตดุสิต,bangkok-dusit,สามเสน,สามเสน,หน้ารัฐสภาใหม่,25,149,118
2022-05-17,,เขตดุสิต,bangkok-dusit,สามเสน,สามเสน,แยกบางกระบือ - ไฟฟ้าสามเสน,15,138,118
2022-05-17,,เขตราชเทวี,bangkok-ratchathewi,พญาไท,พญาไท,หน้ากรมปศุสัตว์,10,154,95
2022-05-17,,เขตดุสิต,bangkok-dusit,ราชวิถี,ราชวิถี,สะพานกรุงธน,25,123,118
2022-05-17,,เขตจตุจักร,bangkok-chatuchak,รัชดาภิเษก,รัชดาภิเษก,แยกรัชโยธิน - แยกลาดพร้าว,30,500,122
2022-05-31,,เขตบางเขน,bangkok-bang-khen,พหลโยธิน,พหลโยธิน,วงเวียนบางเขน (พหลโยธิน 55/1),15,210,54
2022-06-16,,เขตบางกะปิ,bangkok-bang-kapi,รามคำแหง,รามคำแหง,ซอยสุขุมวิท21 - 39,10,75,63
2022-06-19,,เขตบางบอน,bangkok-bang-bon,เอกชัย,เอกชัย,หน้าห้างบิ๊กซีบอน,15,15,43.5
2022-06-19,,เขตบางนา,bangkok-bang-na,สุขุมวิท,สุขุมวิท,แยกบางนา,15,60,59
2022-06-24,,เขตหลักสี่,bangkok-lak-si,แจ้งวัฒนะ,แจ้งวัฒนะ,หน้า มทบ.11,10,45,67
2022-06-24,,เขตหลักสี่,bangkok-lak-si,แจ้งวัฒนะ,แจ้งวัฒนะ,หน้าโลตัส,10,50,67
2022-06-24,,เขตบางบอน,bangkok-bang-bon,เอกชัย,เอกชัย,หน้าบิ๊กซีบางบอน,15,40,60.5
2022-06-24,,เขตสาทร,bangkok-sathorn,จันทน์,จันทน์,แยกสาธุประดิษฐ์ - แยกเซนต์หลุยส์,15,90,71
2022-06-24,,เขตสาทร,bangkok-sathorn,จันทน์,จันทน์,แยกเซนต์หลุยส์ - แยกเจริญราช,15,90,71
2022-06-24,,เขตบางขุนเทียน,bangkok-bang-khun-thian,บางกระดี่,บางกระดี่,ซอยบางกระดี่ 3 -12,10,70,80
2022-06-24,,เขตสาทร,bangkok-sathorn,สาธุประดิษฐ์,สาธุประดิษฐ์,ถนนจันทน์ - แยกรัชดา,20,105,73.5
2022-06-24,,เขตสาทร,bangkok-sathorn,เซนต์หลุยส์,เซนต์หลุยส์,ถนนจันทน์ - สาทรใต้,10,90,73.5
2022-06-24,,เขตสาทร,bangkok-sathorn,สวนพลู,สวนพลู,สน.ทุ่งมหาเฆม - ซอย 6,15,20,73.5
2022-06-24,,เขตบางขุนเทียน,bangkok-bang-khun-thian,ท่าข้าม,ท่าข้าม,ท่าข้ามซอย 3 -5,15,135,84
2022-06-28,,เขตบางกอกน้อย,bangkok-noi,อิสรภาพ,อิสรภาพ,หน้าตลาดพรานนก,20,85,53
2022-06-28,,เขตบางบอน,bangkok-bang-bon,เอกชัย,เอกชัย,หน้าห้างบิ๊กซี,10,55,51
2022-06-28,,เขตบางบอน,bangkok-bang-bon,เอกชัย,เอกชัย,ปากซอยเอกชัย 62,10,40,51
2022-06-28,,เขตบางแค,bangkok-bang-khae,เพชรเกษม,เพชรเกษม,หน้าตลาดบางแค,15,25,45
2022-06-28,,เขตดินแดง,bangkok-din-daeng,ประชาสงเคราะห์,ประชาสงเคราะห์,หน้าตลาดห้วยขวาง,20,70,52
2022-06-28,,เขตดินแดง,bangkok-din-daeng,อินทามระ,อินทามระ,อินทามระ 53,15,90,52
2022-06-28,,เขตลาดพร้าว,bangkok-lat-phrao,ลาดพร้าว,ลาดพร้าว,ลาดพร้าว 112 - สถานีสูบน้ำเจ้าคุณสิงห์,15,90,49
2022-07-01,,เขตบางกอกน้อย,bangkok-noi,อิสรภาพ,อิสรภาพ,ตลาดพรานนก,15,70,55.5
2022-07-01,,เขตดินแดง,bangkok-din-daeng,ประชาสงเคราะห์,ประชาสงเคราะห์,หอนาฬิกาถึงตลาดห้วยขวาง,20,90,65.5
2022-07-01,,เขตดินแดง,bangkok-din-daeng,อินทามระ,อินทามระ,อินทามระ53,20,170,65.5
2022-07-01,,เขตราชเทวี,bangkok-ratchathewi,พระรามที่ 6,พระราม 6,กระทรวงการต่างประเทศ,15,60,64
2022-07-01,,เขตราชเทวี,bangkok-ratchathewi,ศรีอยุธยา,ศรีอยุธยา,หน้าโรงเรียนสันติราษฎร์,15,60,64
2022-07-01,,เขตราชเทวี,bangkok-ratchathewi,ศรีอยุธยา,ศรีอยุธยา,หน้าวังสวนผักกาด,10,60,64
2022-07-01,,เขตพญาไท,bangkok-phaya-thai,วิภาวดีรังสิต,วิภาวดีรังสิต,ร1 พัน1 รอ.,10,170,94
2022-07-01,,เขตดินแดง,bangkok-din-daeng,ประชาสงเคราะห์,ประชาสงเคราะห์,แยกหน้าองค์พระถึงตลาดห้วยขวาง,15,105,65.5
2022-07-01,,เขตราชเทวี,bangkok-ratchathewi,พญาไท,พญาไท,หน้ากรมปศุสัตว์,15,70,64
2022-07-20,,เขตห้วยขวาง,bangkok-huai-khwang,รัชดาภิเษก,รัชดาภิเษก,แยกเทียมร่วมมิตร,20,575,139.5
2022-07-20,,เขตดินแดง,bangkok-din-daeng,ประชาสงเคราะห์,ประชาสงเคราะห์,ตลาดห้วยขวาง-หอนาฬิกา,15,290,139.5
2022-07-20,,เขตดินแดง,bangkok-din-daeng,อินทามระ,อินทามระ,ปั้มน้ำมัน-ซ.อินทามาระ45,15,400,139.5
2022-07-20,,เขตวังทองหลาง,bangkok-wang-thonglang,ลาดพร้าว,ลาดพร้าว,ค.เจ้าคุณสิงห์-ซ.ลาดพร้าว122,15,700,150.5
2022-07-20,,เขตสวนหลวง,bangkok-suan-luang,พัฒนาการ,พัฒนาการ,หน้า ธ.กรุงไทย,15,745,133
2022-07-20,,เขตบึงกุ่ม,bangkok-bung-kum,นวมินทร์,นวมินทร์,ซ. นวมินทร์ 105,15,175,108
2022-07-20,,เขตวัฒนา,bangkok-watthana,สุขุมวิท,สุขุมวิท,สุขุมวิท 39-สุขุมวิท 45,20,630,139.5
2022-07-20,,เขตคลองเตย,bangkok-khlong-toei,พระรามที่4,พระราม 4,สุขุมวิท 26 - ซอยแสนสบาย,15,705,139.5
2022-07-20,,เขตพระโขนง,bangkok-phra-khanong,สุขุมวิท,สุขุมวิท,สุขุมวิท 71 -คลองบางมะเขือ,20,865,139.5
2022-07-20,,เขตวัฒนา,bangkok-watthana,สุขุมวิท 21(อโศก),สุขุมวิท 21(อโศก),ซอยซิโนทัย - สุขุมวิท23,20,435,139.5
2022-07-20,,เขตสาทร,bangkok-sathorn,สาธุประดิษฐ์,สาธุประดิษฐ์,ถ.จันทร์ - ถ.รัชดาภิเษก,20,225,106.5
2022-07-20,,เขตสาทร,bangkok-sathorn,จันทน์,จันทน์,ซ.บำเพ็ญกุลศล-ไปรษณีย์ยานนาวา,20,225,106.5
2022-07-20,,เขตสาทร,bangkok-sathorn,จันทน์,จันทน์,ถ.จันทร์ - ซ.บำเพ็ญกุศล,20,225,106.5
2022-07-20,,เขตวัฒนา,bangkok-watthana,สุขุมวิท 21(อโศก),สุขุมวิท 21(อโศก),ปากซอย-มศว,25,200,139.5
2022-07-20,,เขตวังทองหลาง,bangkok-wang-thonglang,อินทราภรณ์,อินทราภรณ์,หน้าทาวน์อินทาวน์,20,840,150.5
2022-07-20,,เขตคลองเตย,bangkok-khlong-toei,สุขุมวิท,สุขุมวิท,ปากซอย 22 - บ่อสูบพระโขนง,25,540,139.5
2022-07-20,,เขตบางแค,bangkok-bang-khae,หมู่บ้านเศรษฐกิจ,หมู่บ้านเศรษฐกิจ,คลองบางจาก-คลองบางขี้เก้ง,15,120,102.5
2022-07-20,,เขตจอมทอง,bangkok-chom-thong,จอมทอง,จอมทอง,ซอย 8-10,15,165,95.5
2022-07-20,,เขตสาทร,bangkok-sathorn,สวนพลู,สวนพลู,เทคนิคกรุงเทพ-สาทรใต้,20,150,106.5
2022-07-20,,เขตบางบอน,bangkok-bang-bon,เอกชัย,เอกชัย,หน้าบิ๊กซี,15,35,93
2022-07-20,,เขตบางบอน,bangkok-bang-bon,เอกชัย,เอกชัย,ซอย 58-62,15,35,93
2022-07-20,,เขตสาทร,bangkok-sathorn,นราธิวาสราชนครินทร์,นราธิวาสราชนครินทร์,ซอย7 - แยกรัชดา,20,25,106.5
2022-07-20,,เขตบางแค,bangkok-bang-khae,เพชรเกษม,เพชรเกษม,ซอย 40 - แยกกาญจนาภิเษก,10,15,90
2022-07-20,,เขตบางแค,bangkok-bang-khae,เพชรเกษม,เพชรเกษม,คลองยายเพียร-พุทธมณฑลสาย 1,10,40,89
2022-07-20,,เขตราชเทวี,bangkok-ratchathewi,เพชรบุรี,เพชรบุรี,มิตรสัมพันธ์-แยกอโศก,15,295,110.5
2022-07-20,,เขตสาทร,bangkok-sathorn,นางลิ้นจี่,นางลิ้นจี่,แยกเย็นอากาศ-เทคนิคกรุงเทพ,20,250,106.5
2022-07-28,,เขตวัฒนา,bangkok-watthana,สุขุมวิท,สุขุมวิท,สุขุมวิทซอย 39,20,70,54
2022-07-31,,เขตบางเขน,bangkok-bang-khen,พหลโยธิน,พหลโยธิน,วงเวียนบางเขน,10,50,35
2022-08-01,,เขตพญาไท,bangkok-phaya-thai,พระรามที่ 6,พระราม 6,ทางลงทางด่วน,15,265,88.5
2022-08-01,,เขตราชเทวี,bangkok-ratchathewi,ศรีอยุธยา,ศรีอยุธยา,หน้าโรงเรียนสันติราษฎร์วิทยาลัย หน้าสน.พญาไท,15,55,78.5
2022-08-01,,เขตบางกอกน้อย,bangkok-noi,อิสรภาพ,อิสรภาพ,ตลาดพรานนก,15,50,84
2022-08-01,,เขตราชเทวี,bangkok-ratchathewi,ศรีอยุธยา,ศรีอยุธยา,หน้าวังสวนผักกาด,10,45,78.5
2022-08-01,,เขตราชเทวี,bangkok-ratchathewi,พญาไท,พญาไท,หน้ากรมปศุสัตว์,15,115,78.5
2022-08-01,,เขตหลักสี่,bangkok-lak-si,แจ้งวัฒนะ,แจ้งวัฒนะ,หน้า มทบ.11,15,55,39.5
2022-08-01,,เขตหลักสี่,bangkok-lak-si,แจ้งวัฒนะ,แจ้งวัฒนะ,หน้าโลตัส,15,50,39.5
2022-08-01,,เขตบึงกุ่ม,bangkok-bung-kum,นวมินทร์,นวมินทร์,สันติอโศก,15,125,46.5
2022-08-01,,เขตสวนหลวง,bangkok-suan-luang,พัฒนาการ,พัฒนาการ,แยกศรีนครินทร์,,155,62.5
2022-08-01,,เขตสวนหลวง,bangkok-suan-luang,พัฒนาการ,พัฒนาการ,ธนาคารกรุงไทย ขาออก,20,140,62.5
2022-08-01,,เขตวัฒนา,bangkok-watthana,สุขุมวิท,สุขุมวิท,ซอยสุขุมวิท 39,25,265,70.5
2022-08-01,,เขตวัฒนา,bangkok-watthana,สุขุมวิท,สุขุมวิท,ซอยสุขุมวิท 71,30,295,70.5
2022-08-01,,เขตคลองเตย,bangkok-khlong-toei,สุขุมวิท,สุขุมวิท,ซอยสุขุมวิท 26,20,135,70.5
2022-08-01,,เขตสวนหลวง,bangkok-suan-luang,พัฒนาการ,พัฒนาการ,คลองลาว - คลองบ้านป่า,15,370,62.5
2022-08-01,,เขตหลักสี่,bangkok-lak-si,แจ้งวัฒนะ,แจ้งวัฒนะ,หน้าโลตัส,10,20,29.5
2022-08-01,,เขตสวนหลวง,bangkok-suan-luang,รามคำแหง,รามคำแหง,รามคำแหงซอย 1 - 5,15,30,69
2022-08-01,,เขตวัฒนา,bangkok-watthana,สุขุมวิท,สุขุมวิท,สุขุมวิทซอย 39 - 63,25,100,70.5
2022-08-01,,เขตคลองเตย,bangkok-khlong-toei,สุขุมวิท,สุขุมวิท,ซอยสุขุมวิท 36,40,115,70.5
2022-08-01,,เขตคลองเตย,bangkok-khlong-toei,สุขุมวิท,สุขุมวิท,ซอยสุขุมวิท 38,25,115,70.5
2022-08-01,,เขตบึงกุ่ม,bangkok-bung-kum,นวมินทร์,นวมินทร์,หน้าสันติอโศก,10,190,39.5
2022-08-01,,เขตวัฒนา,bangkok-watthana,สุขุมวิท,สุขุมวิท,ซอยสุขุมวิท 65 -71,20,75,70.5
2022-08-01,,เขตวังทองหลาง,bangkok-wang-thonglang,ลาดพร้าว,ลาดพร้าว,คลองเจ้าคุณสิงห์,,130,51
2022-08-01,,เขตคลองเตย,bangkok-khlong-toei,พระรามที่4,พระราม 4,รพ.กล้วยน้ำไท - แยกถนนสุขุมวิท,30,152,59
2022-08-02,,เขตวัฒนา,bangkok-watthana,เอกมัย,เอกมัย,ปากซอย - เอกมัย21,15,50,70.5
2022-08-02,,เขตวัฒนา,bangkok-watthana,สุขุมวิท,สุขุมวิท,ปากซอยทองหล่อ 10 - บ่อสูบ,25,125,70.5
2022-08-11,,เขตดินแดง,bangkok-din-daeng,อินทามระ,อินทามระ,ซอยอินทามระ 53,15,45,32
2022-08-15,,เขตวัฒนา,bangkok-watthana,สุขุมวิท 71,สุขุมวิท 71,ซ.ปรีดีพนมยงค์ 14 - 26,30,300,116.5
2022-08-15,,เขตวัฒนา,bangkok-watthana,สุขุมวิท 71,สุขุมวิท 71,ซ.ปรีดีพนมยงค์ 37 - บ่อสูบใต้สะพานคลองตัน,10,300,116.5
2022-08-15,,เขตพระนคร,bangkok-phra-nakhon,ราชดำเนินใน,ราชดำเนินใน,รอบสนามหลวง,20,20,78
2022-08-15,,เขตวัฒนา,bangkok-watthana,สุขุมวิท,สุขุมวิท,รร.โฟร์ทวิน - พระราม 4,25,215,116.5
2022-08-15,,เขตคลองเตย,bangkok-khlong-toei,พระรามที่4,พระราม 4,เกษมราชฎร์ - ซอยแสนสบาย,20,250,89
2022-08-15,,เขตสาทร,bangkok-sathorn,สวนพลู,สวนพลู,สวนพลูซอย6 - วิทยุการบิน,25,75,72.5
2022-08-15,,เขตปทุมวัน,bangkok-pathum-wan,พระราม1,พระราม 1,มาบุญครอง,25,30,86.5
2022-08-15,,เขตราชเทวี,bangkok-ratchathewi,ศรีอยุธยา,ศรีอยุธยา,วังสวนผักกาด,15,40,71
2022-08-15,,เขตราชเทวี,bangkok-ratchathewi,พญาไท,พญาไท,หน้ากรมปศุสัตว์,15,60,71
2022-08-15,,เขตสาทร,bangkok-sathorn,สาธุประดิษฐ์,สาธุประดิษฐ์,ถ.จันทร์ - สาธุประดิษฐ์ 5,15,50,72.5
2022-08-15,,เขตวัฒนา,bangkok-watthana,สุขุมวิท,สุขุมวิท,พร้อมมิตร - พร้อมศรี,20,190,116.5
2022-08-15,,เขตสวนหลวง,bangkok-suan-luang,พัฒนาการ,พัฒนาการ,คลองลาว - คลองบ้านป่า,15,110,102.5
2022-08-15,,เขตประเวศ,bangkok-prawet,เฉลิมพระเกียรติ ร.๙,เฉลิมพระเกียรติ ร.๙,เฉลิมพระเกียรติ ร.9 ซ.49 - คลองปลัดเปรียง,20,1070,115
2022-08-15,,เขตประเวศ,bangkok-prawet,เฉลิมพระเกียรติ ร.๙,เฉลิมพระเกียรติ ร.๙,แยกศรีอุดม - เฉลิมพระเกียรติ ร.9 ซ.3,20,1070,115
2022-08-15,,เขตคลองเตย,bangkok-khlong-toei,สุขุมวิท,สุขุมวิท,ท้ายซอยสุขุมวิท 40 -ถ.สุขุมวิท,20,300,116.5
2022-08-26,,เขตบางแค,bangkok-bang-khae,หมู่บ้านเศรษฐกิจ,หมู่บ้านเศรษฐกิจ,หมู่บ้านเศรษฐกิจ ซ.3 - วงเวียน,15,205,106
2022-08-26,,เขตบางแค,bangkok-bang-khae,เพชรเกษม,เพชรเกษม,วัดม่วง,20,25,106
2022-08-26,,เขตหนองแขม,bangkok-nong-khaem,เลียบคลองภาษีเจริญฝั่งเหนือ,เลียบคลองภาษีเจริญฝั่งเหนือ,เลียบคลองภาษีเจริญฝั่งเหนือ,20,150,105.5
2022-08-29,,เขตบางเขน,bangkok-bang-khen,แจ้งวัฒนะ,แจ้งวัฒนะ,ซอยแจ้งวัฒนะ 1 - วงเวียนบางเขน,15,10,29.5
2022-08-31,,เขตสายไหม,bangkok-sai-mai,วัชรพล,วัชรพล,ซ.วัชรพล 8 - 12,20,230,81
2022-09-04,,เขตสวนหลวง,bangkok-suan-luang,พัฒนาการ,พัฒนาการ,หน้าธนาคารกรุงไทย,15,20,25
2022-09-04,,เขตสาทร,bangkok-sathorn,สาธุประดิษฐ์,สาธุประดิษฐ์,ถ.จันทน์ - รัชดา,25,105,68
2022-09-04,,เขตสาทร,bangkok-sathorn,ประชาสุข,ประชาสุข,ซ.3 - ถ.จันทน์,20,55,68
2022-09-04,,เขตสาทร,bangkok-sathorn,จันทน์,จันทน์,ตลาด - สะพาน 2,20,85,68
2022-09-04,,เขตหลักสี่,bangkok-lak-si,แจ้งวัฒนะ,แจ้งวัฒนะ,หน้าห้างโลตัส,15,115,69.5
2022-09-04,,เขตหลักสี่,bangkok-lak-si,แจ้งวัฒนะ,แจ้งวัฒนะ,หน้าศาลปกครองกลาง,15,90,69.5
2022-09-04,,เขตหลักสี่,bangkok-lak-si,แจ้งวัฒนะ,แจ้งวัฒนะ,หน้ามณฑลทหารบกที่ 11,15,135,69.5
2022-09-04,,เขตหลักสี่,bangkok-lak-si,แจ้งวัฒนะ,แจ้งวัฒนะ,วงเวียนบางเขน - มหาวิทยาลัยราชภัฏพระนคร,20,55,52
2022-09-04,,เขตวัฒนา,bangkok-watthana,สุขุมวิท 71,สุขุมวิท 71,ซอยปรีดีพนมยงค์ 16 - 20,20,35,27
2022-09-04,,เขตสวนหลวง,bangkok-suan-luang,พัฒนาการ,พัฒนาการ,พัฒนาการ 54,15,35,29
2022-09-06,,เขตบางเขน,bangkok-bang-khen,แจ้งวัฒนะ,แจ้งวัฒนะ,หน้ามหาวิทยาลัยราชภัฎพระนคร,25,1620,141.5
2022-09-06,,เขตหลักสี่,bangkok-lak-si,แจ้งวัฒนะ,แจ้งวัฒนะ,ปากซอยแจ้งวัฒนะ 10,20,300,108.5
2022-09-06,,เขตหลักสี่,bangkok-lak-si,แจ้งวัฒนะ,แจ้งวัฒนะ,หน้าห้างโลตัส,20,200,108.5
2022-09-06,,เขตพญาไท,bangkok-phaya-thai,พหลโยธิน,พหลโยธิน,ปากซอย 8,20,120,97
2022-09-06,,เขตดินแดง,bangkok-din-daeng,อินทามระ,อินทามระ,ซอยอินทามระ 53,40,325,91
2022-09-06,,เขตจตุจักร,bangkok-chatuchak,เสนานิคม,เสนานิคม,ซ.เสนานิคม,10,45,77
2022-09-06,,เขตดินแดง,bangkok-din-daeng,ประชาสงเคราะห์,ประชาสงเคราะห์,ตลาดห้วยขวาง,15,155,91
2022-09-06,,เขตพญาไท,bangkok-phaya-thai,ประดิพัทธ์,ประดิพัทธ์,แยกสะพานควาย,20,50,97
2022-09-06,,เขตจตุจักร,bangkok-chatuchak,รัชดาภิเษก,รัชดาภิเษก,หน้าธนาคารกรุงเทพ,20,90,77
2022-09-06,,เขตราชเทวี,bangkok-ratchathewi,บรรทัดทอง,บรรทัดทอง,ตัดถนนเพชรบุรี,,65,70.5
2022-09-06,,เขตดินแดง,bangkok-din-daeng,รัชดาภิเษก,รัชดาภิเษก,แยกเทียมร่วมมิตร,,45,91
2022-09-06,,เขตหลักสี่,bangkok-lak-si,แจ้งวัฒนะ,แจ้งวัฒนะ,หน้า มทบ.11,10,340,108.5
2022-09-06,,เขตราชเทวี,bangkok-ratchathewi,พญาไท,พญาไท,หน้ากรมปศุสัตว์,15,150,70.5
2022-09-06,,เขตพญาไท,bangkok-phaya-thai,วิภาวดีรังสิต,วิภาวดีรังสิต,หน้า ร.1 พัน 1 รอ.,10,200,83.5
2022-09-06,,เขตวัฒนา,bangkok-watthana,สุขุมวิท,สุขุมวิท,ซ. 39 - แยกพร้อมศรี,25,120,60.5
2022-09-06,,เขตวัฒนา,bangkok-watthana,สุขุมวิท 21(อโศก),สุขุมวิท 21(อโศก),ซ.ชิโนทัย,30,35,60.5
2022-09-06,,เขตวัฒนา,bangkok-watthana,สุขุมวิท 23,สุขุมวิท 23,ซ.23,15,55,60.5
2022-09-07,,เขตสวนหลวง,bangkok-suan-luang,พัฒนาการ,พัฒนาการ,ถ.พัฒนาการ ซ..54 ถึง ตัด ถ.ศรีนครินทร์,15,60,38.5
2022-09-07,,เขตดินแดง,bangkok-din-daeng,ประชาสุข,ประชาสุข,ซ.อินทามระ 45 -ซ.อินทามระ53,20,40,26.5
2022-09-08,,เขตหลักสี่,bangkok-lak-si,แจ้งวัฒนะ,แจ้งวัฒนะ,หน้าศาลปกครองกลาง,20,240,85.5
2022-09-08,,เขตหลักสี่,bangkok-lak-si,แจ้งวัฒนะ,แจ้งวัฒนะ,หน้าห้างโลตัส,20,170,85.5
2022-09-08,,เขตหลักสี่,bangkok-lak-si,แจ้งวัฒนะ,แจ้งวัฒนะ,หน้ามณฑลทหารบกที่ 11,15,300,85.5
2022-09-08,,เขตจตุจักร,bangkok-chatuchak,กำแพงเพชร 2,กำแพงเพชร 2,หน้าหมอชิตใหม่,15,60,25
2022-09-08,,เขตดินแดง,bangkok-din-daeng,อินทามระ,อินทามระ,อินทามระ 53,20,95,80
2022-09-10,,เขตบึงกุ่ม,bangkok-bung-kum,นวมินทร์,นวมินทร์,ซอยนวมินทร์ 36-58,20,60,40
2022-09-10,,เขตบึงกุ่ม,bangkok-bung-kum,นวมินทร์,นวมินทร์,ซอยนวมินทร์ 71-99,20,110,40
2022-09-10,,เขตวัฒนา,bangkok-watthana,สุขุมวิท 71,สุขุมวิท 71,ถ.สุขุมวิท - คลองแสนแสบ,40,485,114
2022-09-10,,เขตบางเขน,bangkok-bang-khen,แจ้งวัฒนะ,แจ้งวัฒนะ,หน้า ม.ราชภัฎพระนคร - วงเวียนบางเขน,20,1110,52
2022-09-10,,เขตจตุจักร,bangkok-chatuchak,กำแพงเพชร 2,กำแพงเพชร 2,หน้าหมอชิตใหม่,15,85,58.5
2022-09-10,,เขตวังทองหลาง,bangkok-wang-thonglang,ลาดพร้าว,ลาดพร้าว,คลองเจ้าคุณสิงห์,15,115,53
2022-09-10,,เขตดินแดง,bangkok-din-daeng,อินทามระ,อินทามระ,ตลอดสาย,15,75,41
2022-09-10,,เขตวัฒนา,bangkok-watthana,สุขุมวิท,สุขุมวิท,ปากซอยสุขุมวิท 39 - ซ.พร้อมศรี,25,200,69.5
2022-09-10,,เขตวัฒนา,bangkok-watthana,สุขุมวิท,สุขุมวิท,ปาก ซ.สุขุมวิท 26 - ถ.พระรามที่ 4,20,195,69.5
2022-09-10,,เขตบางซื่อ,bangkok-bang-sue,ประชาราษฎร์2,ประชาราษฎร์ 2,คลองประปา - แยกบางโพธิ์,15,60,84
2022-09-10,,เขตห้วยขวาง,bangkok-huai-khwang,เพชรบุรี,เพชรบุรี,แยกมิตรสัมพันธ์ - แยกอโศก,15,50,74
2022-09-10,,เขตคลองเตย,bangkok-khlong-toei,พระรามที่4,พระราม 4,เกษมราษฎร์ - ซ.แสนสบาย,20,55,67.5
2022-09-10,,เขตราชเทวี,bangkok-ratchathewi,ศรีอยุธยา,ศรีอยุธยา,วังสวนผักกาด,15,60,57.5
2022-09-10,,เขตราชเทวี,bangkok-ratchathewi,ศรีอยุธยา,ศรีอยุธยา,หน้า ร.ร.สันติราษฎร์,15,70,57.5
2022-09-10,,เขตสวนหลวง,bangkok-suan-luang,พัฒนาการ,พัฒนาการ,หน้าธนาคารกรุงไทย,20,315,114
2022-09-10,,เขตสวนหลวง,bangkok-suan-luang,รามคำแหง,รามคำแหง,ซอยรามคำแหง 1 - 5,15,65,114
2022-09-10,,เขตราชเทวี,bangkok-ratchathewi,พญาไท,พญาไท,หน้ากรมปศุสัตว์,15,35,57.5
2022-09-10,,เขตวัฒนา,bangkok-watthana,สุขุมวิท 21(อโศก),สุขุมวิท 21(อโศก),ซ.ชิโนทัย - สะพานข้ามคลองแสนแสบ,15,20,69.5
2022-09-10,,เขตวัฒนา,bangkok-watthana,สุขุมวิท 21(อโศก),สุขุมวิท 21(อโศก),ซอยชิโนทัย,15,110,69.5
2022-09-10,,เขตคลองเตย,bangkok-khlong-toei,พระรามที่4,พระราม 4,ท้ายซอยสุขุมวิท 42 - ถนนสุขุมวิท,30,125,67.5
2022-09-10,,เขตบางเขน,bangkok-bang-khen,เทพรักษ์,เทพรักษ์,ถนนเทพรักษ์ทั้งสองฝั่ง,15,330,52
2022-09-11,,เขตลาดกระบัง,bangkok-lat-krabang,หลวงแพ่ง,หลวงแพ่ง,คลองพระยาเพชร-คลองกาหลง เป็นช่วงๆ,20,1380,49.5
2022-09-11,,เขตสวนหลวง,bangkok-suan-luang,ศรีนครินทร์,ศรีนครินทร์,สะพานข้ามแยกศรีนครินทร์ถึงทางรถไฟ,20,575,62.5
2022-09-11,,เขตสวนหลวง,bangkok-suan-luang,พัฒนาการ,พัฒนาการ,คลองบ้านป่าถึงคลองลาว,10,1075,62.5
2022-09-11,,เขตลาดกระบัง,bangkok-lat-krabang,หลวงแพ่ง,หลวงแพ่ง,คลองลาดกระบัง-ทับยาว,20,1380,
2022-09-11,,เขตลาดกระบัง,bangkok-lat-krabang,หลวงแพ่ง,หลวงแพ่ง,ทับยาว-คลองพระยาเพชร เป็นช่วงๆ,20,1380,
2022-09-11,,เขตประเวศ,bangkok-prawet,เฉลิมพระเกียรติ ร.๙,เฉลิมพระเกียรติ ร.๙,แยกศรีอุดม ขาเข้า,20,190,13.5
2022-09-11,,เขตประเวศ,bangkok-prawet,เฉลิมพระเกียรติ ร.๙,เฉลิมพระเกียรติ ร.๙,แยกศรีอุดม ขาออก,20,190,13.5
2022-09-12,,เขตจตุจักร,bangkok-chatuchak,กำแพงเพชร 2,กำแพงเพชร 2,หน้าหมอชิตใหม่,20,90,61
2022-09-12,,เขตราชเทวี,bangkok-ratchathewi,ศรีอยุธยา,ศรีอยุธยา,วังสวนผักกาด,15,90,103
2022-09-12,,เขตดินแดง,bangkok-din-daeng,อินทามระ,อินทามระ,ซอยอินทามระ 45,20,150,79.5
2022-09-12,,เขตราชเทวี,bangkok-ratchathewi,พญาไท,พญาไท,หน้ากรมปศุสัตว์,15,150,103
2022-09-12,,เขตราชเทวี,bangkok-ratchathewi,เพชรบุรี,เพชรบุรี,แยกบรรทัดทอง,10,60,103
2022-09-12,,เขตจตุจักร,bangkok-chatuchak,กำแพงเพชร 3,กำแพงเพชร 3,ป้อมตำรวจ - กำแพงเพชร 4,15,80,61
2022-09-12,,เขตจตุจักร,bangkok-chatuchak,กำแพงเพชร 2,กำแพงเพชร 2,กำแพงเพชร 2 - กำแพงเพชร 3,20,80,61
2022-09-12,,เขตราชเทวี,bangkok-ratchathewi,ศรีอยุธยา,ศรีอยุธยา,ร.ร.สันติราษฏร์,15,60,103
2022-09-12,,เขตจตุจักร,bangkok-chatuchak,รัชดาภิเษก,รัชดาภิเษก,แยกรัชโยธิน - แบงค์กรุงเทพ,20,175,77.5
2022-09-12,,เขตดินแดง,bangkok-din-daeng,ประชาสงเคราะห์,ประชาสงเคราะห์,หอนาฬิกา - ตลาดห้วยขวาง,20,115,79.5
2022-09-12,,เขตดินแดง,bangkok-din-daeng,ดินแดง,ดินแดง,ใต้ทางด่วน-แยกโบสถ์แม่พระ,30,100,79.5
2022-09-12,,เขตดินแดง,bangkok-din-daeng,ประชาสงเคราะห์,ประชาสงเคราะห์,ประชาสงเคราะห์-แยกองค์พระ,30,195,79.5
2022-09-12,,เขตราชเทวี,bangkok-ratchathewi,เพชรบุรีตัดใหม่,เพชรบุรีตัดใหม่,แยกมิตรสัมพันธ์ - แยกอโศก,25,60,103
2022-09-12,,เขตบางเขน,bangkok-bang-khen,แจ้งวัฒนะ,แจ้งวัฒนะ,วงเวียนบางเขน-มหาวิทยาลัยราชภัฎพระนคร,10,195,62
2022-09-12,,เขตบางเขน,bangkok-bang-khen,แจ้งวัฒนะ,แจ้งวัฒนะ,มหาวิทยาลัยราชภัฎพระนคร-วงเวียนบางเขน,10,115,62
2022-09-12,,เขตดินแดง,bangkok-din-daeng,ประชาสงเคราะห์,ประชาสงเคราะห์,แยกองค์พระ-หอนาฬิกา,25,65,79.5
2022-09-12,,เขตพญาไท,bangkok-phaya-thai,ประดิพัทธ์,ประดิพัทธ์,แยกสะพานควาย,10,40,85.5
2022-09-12,,เขตพญาไท,bangkok-phaya-thai,พหลโยธิน,พหลโยธิน,แยกสะพานควาย-ปากซอยอารีย์ 7,20,65,85.5
2022-09-13,,เขตคลองเตย,bangkok-khlong-toei,พระรามที่4,พระราม 4,แยก ณ ระนอง - ทางรถไฟ,15,55,63
2022-09-13,,เขตบางกะปิ,bangkok-bang-kapi,ศรีนครินทร์,ศรีนครินทร์,หน้า บ.กรีนสปอร์ต - ศรีนครินทร์ ซ.9,20,130,35.5
2022-09-13,,เขตบางกะปิ,bangkok-bang-kapi,ศรีนครินทร์,ศรีนครินทร์,แยกลำสาลี - บ.กรีนสปอร์ต,20,150,35.5
2022-09-13,,เขตคลองเตย,bangkok-khlong-toei,สุนทรโกษา,สุนทรโกษา,ตลอดสาย,15,90,63
2022-09-13,,เขตสาทร,bangkok-sathorn,สวนพลู,สวนพลู,ซอยสวนพลู 1 - สาทรใต้,20,40,44
2022-09-13,,เขตวัฒนา,bangkok-watthana,สุขุมวิท 71,สุขุมวิท 71,ตลอดสาย,15,95,55
2022-09-13,,เขตวัฒนา,bangkok-watthana,สุขุมวิท,สุขุมวิท,ปากซอยสุขุมวิท 39 - ซ.พร้อมใจ,20,70,55
2022-09-13,,เขตสาทร,bangkok-sathorn,สาธุประดิษฐ์,สาธุประดิษฐ์,แยกสาธุประดิษฐ์ - ถนนจันทน์,20,45,44
2022-09-13,,เขตคลองเตย,bangkok-khlong-toei,พระรามที่4,พระราม 4,หน้าตึกมาลีนนท์(ช่อง 3),20,30,63
2022-09-13,,เขตวัฒนา,bangkok-watthana,สุขุมวิท 21(อโศก),สุขุมวิท 21(อโศก),หน้าตึกชิโนไทย ตลอดสาย,20,60,55
2022-09-13,,เขตคลองเตย,bangkok-khlong-toei,สุขุมวิท,สุขุมวิท,ซอยสุขุมวิท 26 ตลอดสาย,20,130,63
2022-09-13,,เขตสวนหลวง,bangkok-suan-luang,พัฒนาการ,พัฒนาการ,หน้าธนาคารกรุงไทย ถ.พัฒนาการ-ถ.ศรีนครินทร์,20,45,59
2022-09-13,,เขตสวนหลวง,bangkok-suan-luang,ศรีนครินทร์,ศรีนครินทร์,สวนหย่อมมอเตอร์เวย์,30,300,59
2022-09-14,,เขตภาษีเจริญ,bangkok-phasi-charoen,เพชรเกษม,เพชรเกษม,เพชรเกษม 33 - ซีคอน บางแค,15,30,61
2022-09-14,,เขตยานนาวา,bangkok-yannawa,สาธุประดิษฐ์,สาธุประดิษฐ์,ถนนสาธูประดิษฐ์ เป็นช่วงๆ,15,25,54
2022-09-21,,เขตบางขุนเทียน,bangkok-bang-khun-thian,ท่าข้าม,ท่าข้าม,ถ.พระราม2 - ท่าข้าม ซอย 6,15,285,112
2022-09-22,,เขตราชเทวี,bangkok-ratchathewi,เพชรบุรี,เพชรบุรี,ซอย 36 - ร.ร.ดอนบอสโก,10,40,79.5
2022-09-22,,เขตราชเทวี,bangkok-ratchathewi,ศรีอยุธยา,ศรีอยุธยา,หน้าวังสวนผักกาด,20,20,79.5
2022-09-22,,เขตราชเทวี,bangkok-ratchathewi,ศรีอยุธยา,ศรีอยุธยา,ร.ร.สันติราษฏร์ - สน.พญาไท,20,20,79.5
2022-09-22,,เขตวัฒนา,bangkok-watthana,สุขุมวิท,สุขุมวิท,ซอยสุขุมวิท 39,20,135,64.5
2022-09-22,,เขตวัฒนา,bangkok-watthana,สุขุมวิท 21(อโศก),สุขุมวิท 21(อโศก),หน้าตึกชิโนไทย,15,60,64.5
2022-09-22,,เขตราชเทวี,bangkok-ratchathewi,พญาไท,พญาไท,หน้ากรมปศุสัตว์,15,65,79.5
2022-09-22,,เขตบางแค,bangkok-bang-khae,เพชรเกษม,เพชรเกษม,ร.ร.อำนวยสิน - เพชรเกษม 61/1,15,15,91.5
2022-09-22,,เขตบางขุนเทียน,bangkok-bang-khun-thian,ท่าข้าม,ท่าข้าม,ถ.พระราม2 - ท่าข้าม ซอย 6,15,295,112
2022-09-22,,เขตดินแดง,bangkok-din-daeng,อินทามระ,อินทามระ,ซอย 55 - ป้อมตำรวจ,20,60,63.5
2022-09-22,,เขตราชเทวี,bangkok-ratchathewi,ศรีอยุธยา,ศรีอยุธยา,หน้าโรงเรียนสันติราษฏร์,20,25,64
2022-09-22,,เขตราชเทวี,bangkok-ratchathewi,พระรามที่ 6,พระราม 6,ตลาดประเเจจีน,20,30,64
2022-09-22,,เขตสาทร,bangkok-sathorn,สวนพลู,สวนพลู,ถนนสาทรใต้ - วิทยุการบิน,20,45,8
2022-09-22,,เขตราชเทวี,bangkok-ratchathewi,พญาไท,พญาไท,กรมปศุสัตว์,15,90,64
2022-09-22,,เขตราชเทวี,bangkok-ratchathewi,พระรามที่ 6,พระราม 6,หน้ากรมทางหลวง,10,25,64
2022-09-23,,เขตดินแดง,bangkok-din-daeng,อินทามระ,อินทามระ,ซ.อินทามระ53,15,15,64.5
2022-09-23,,เขตราชเทวี,bangkok-ratchathewi,ศรีอยุธยา,ศรีอยุธยา,ช่วงหน้าโรงเรียนศรีอยุธยา,15,20,68.5
2022-09-23,,เขตราชเทวี,bangkok-ratchathewi,ศรีอยุธยา,ศรีอยุธยา,หน้าวังสวนผักกาด,10,40,68.5
2022-09-24,,เขตวัฒนา,bangkok-watthana,สุขุมวิท 71,สุขุมวิท 71,ซ.ปรีดีพนมยงค์ 12-20,25,100,63.5
2022-09-24,,เขตคลองเตย,bangkok-khlong-toei,ถาวรธวัช,ถาวรธวัช,ซอยอารีย์ - ปากซอยสุขุมวิท,25,165,68
2022-09-24,,เขตวัฒนา,bangkok-watthana,สุขุมวิท,สุขุมวิท,ปากซอยสุขุมวิท39 - แยกพร้อมใจ,15,70,64.5
2022-09-24,,เขตคลองเตย,bangkok-khlong-toei,พระรามที่4,พระราม 4,ปากซอยสุขุมวิท - โรงพยาบาลกล้วยน้ำไท,10,135,68
2022-09-24,,เขตพญาไท,bangkok-phaya-thai,วิภาวดีรังสิต,วิภาวดีรังสิต,หน้า ร.1 พัน 1 รอ.,15,75,68
2022-09-25,,เขตราชเทวี,bangkok-ratchathewi,ศรีอยุธยา,ศรีอยุธยา,หน้าโรงเรียนสันติราษฎร์,15,100,81.5
2022-09-25,,เขตราชเทวี,bangkok-ratchathewi,พระรามที่ 6,พระราม 6,หน้าตลาดประแจจีน,15,50,81.5
2022-09-25,,เขตราชเทวี,bangkok-ratchathewi,เพชรบุรี,เพชรบุรี,แยกบรรทัดทอง,15,55,81.5
2022-09-25,,เขตพญาไท,bangkok-phaya-thai,พหลโยธิน,พหลโยธิน,พหลโยธิน ซอย 10 - ซอย 8 (ขาเข้า),15,30,55
2022-09-25,,เขตดินแดง,bangkok-din-daeng,ประชาสงเคราะห์,ประชาสงเคราะห์,โรงเรียนพร้อมพรรณ - ประชาสงเคราะห์ ซอย 4,20,165,76.5
2022-09-25,,เขตปทุมวัน,bangkok-pathum-wan,พระราม1,พระราม 1,หน้าห้างมาบุญครอง - หน้าสนามกีฬาแห่งชาติ,20,10,52.5
2022-09-25,,เขตดินแดง,bangkok-din-daeng,ประชาสงเคราะห์,ประชาสงเคราะห์,แยกองค์พระ - ตลาดดินแดง,20,160,76.5
2022-09-25,,เขตดินแดง,bangkok-din-daeng,ดินแดง,ดินแดง,หน้าสถาบันราชานุกูล,20,180,76.5
2022-09-25,,เขตดินแดง,bangkok-din-daeng,ดินแดง,ดินแดง,หน้าโรงเรียนพิบูลประชาสรรค์,20,180,76.5
2022-09-25,,เขตดินแดง,bangkok-din-daeng,วิภาวดีรังสิต,วิภาวดีรังสิต,หน้า พัน1 รอ.,15,280,76.5
2022-09-26,,เขตบึงกุ่ม,bangkok-bung-kum,นวมินทร์,นวมินทร์,นวมินทร์ 75 - 91 ขาออก,15,60,42
2022-09-26,,เขตบึงกุ่ม,bangkok-bung-kum,นวมินทร์,นวมินทร์,นวมินทร์ 54 - 36 ขาเข้า,15,40,42
2022-10-02,,เขตพระนคร,bangkok-phra-nakhon,สนามไชย,สนามไชย,หน้าวัดโพธิ์,20,60,44.5
2022-10-03,,เขตคลองเตย,bangkok-khlong-toei,สุขุมวิท,สุขุมวิท,ในซอยสุขุมวิท 26,20,285,89
2022-10-03,,เขตจตุจักร,bangkok-chatuchak,รัชดาภิเษก,รัชดาภิเษก,หน้าธนาคารกรุงเทพ - เเยกรัชโยธิน,20,385,119.5
2022-10-03,,เขตบางนา,bangkok-bang-na,สุขุมวิท,สุขุมวิท,แยกบางนา - สำโรง,20,240,125.5
2022-10-03,,เขตบางซื่อ,bangkok-bang-sue,ประชาราษฎร์1,ประชาราษฎร์ 1,แยกเตาปูน,20,90,71.5
2022-10-03,,เขตบางเขน,bangkok-bang-khen,พหลโยธิน,พหลโยธิน,วงเวียนบางเขน,10,1530,105.5
2022-10-03,,เขตบางบอน,bangkok-bang-bon,เอกชัย,เอกชัย,หน้าบริษัทกระทิงแดง,10,50,49
2022-10-03,,เขตบางนา,bangkok-bang-na,สุขุมวิท,สุขุมวิท,หน้าไบเทคบางนา,10,215,125.5
2022-10-03,,เขตคลองเตย,bangkok-khlong-toei,สุขุมวิท 71,สุขุมวิท 71,เเยก ณ ระนอง - ทางรถไฟ,20,180,89
2022-10-03,,เขตราชเทวี,bangkok-ratchathewi,พระรามที่ 6,พระราม 6,หน้ากรมทางหลวง,15,100,58
2022-10-03,,เขตหลักสี่,bangkok-lak-si,แจ้งวัฒนะ,แจ้งวัฒนะ,หน้าโลตัส,30,490,164.5
2022-10-03,,เขตหลักสี่,bangkok-lak-si,แจ้งวัฒนะ,แจ้งวัฒนะ,หน้ากรมทหาร,30,490,164.5
2022-10-03,,เขตบางแค,bangkok-bang-khae,เพชรเกษม,เพชรเกษม,หน้าบ่อสูบแก้มลิงเพชรเกษม - แขวงกรมทางหลวงขาออก,10,20,80.5
2022-10-03,,เขตคลองเตย,bangkok-khlong-toei,สุนทรโกษา,สุนทรโกษา,5 เเยก ณ ระนอง - แยกกรมศุลกากร,15,165,89
2022-10-03,,เขตจตุจักร,bangkok-chatuchak,ลาดพร้าว,ลาดพร้าว,แยกลาดพร้าว - เเยกรัชดาภิเษก,15,320,119.5
2022-10-03,,เขตบางนา,bangkok-bang-na,ศรีนครินทร์,ศรีนครินทร์,แยกบางนาตราด - วัดศรีเอี่ยม,15,295,125.5
2022-10-03,,เขตวัฒนา,bangkok-watthana,สุขุมวิท 71,สุขุมวิท 71,ซอยปรีดีพนมยงคค์ 12 - 20,25,85,98
2022-10-03,,เขตจตุจักร,bangkok-chatuchak,รัชดาภิเษก,รัชดาภิเษก,หน้าศาลอาญา,20,250,119.5
2022-10-03,,เขตคลองเตย,bangkok-khlong-toei,พระรามที่4,พระราม 4,แยกเกษมราษฏร์ - ถ.สุขุมวิท,25,210,89
2022-10-03,,เขตบางนา,bangkok-bang-na,สุขุมวิท,สุขุมวิท,สุขุมวิท 103 - แยกบางนา,20,425,125.5
2022-10-03,,เขตจตุจักร,bangkok-chatuchak,พหลโยธิน,พหลโยธิน,ซอยเสนานิคม 1,20,110,119.5
2022-10-06,,เขตหนองแขม,bangkok-nong-khaem,เลียบคลองภาษีเจริญฝั่งเหนือ,เลียบคลองภาษีเจริญฝั่งเหนือ,ซอย6/1-8/3,25,260,68.5
2022-10-07,,เขตราชเทวี,bangkok-ratchathewi,บรรทัดทอง,บรรทัดทอง,แยกเพชรพระราม,15,60,72
2022-10-07,,เขตคลองเตย,bangkok-khlong-toei,สุขุมวิท 71,สุขุมวิท 71,ทางรถไฟสายเก่า-แยก ณ ระนอง,20,185,76
2022-10-07,,เขตสาทร,bangkok-sathorn,สวนพลู,สวนพลู,หน้าวิทยุการบิน- สวนพลู ซอย 4,20,130,59.5
2022-10-07,,เขตคลองเตย,bangkok-khlong-toei,พระรามที่4,พระราม 4,ซ.สุขุมวิท 26 - รพ.เทพธารินทร์,20,50,76
2022-10-07,,เขตวัฒนา,bangkok-watthana,สุขุมวิท,สุขุมวิท,ปากซอยสุขุมวิท 71 - ปากซอยสุขุมวิท 21,20,110,52
2022-10-07,,เขตคลองเตย,bangkok-khlong-toei,พระรามที่4,พระราม 4,รพ.เทพธารรินทร์ - แยกกล้วยน้ำไท,20,105,76
2022-10-07,,เขตคลองเตย,bangkok-khlong-toei,สุขุมวิท,สุขุมวิท,แยกกล้วยน้ำไท - ถนนสุขุมวิท,20,215,76
2022-10-07,,เขตวัฒนา,bangkok-watthana,สุขุมวิท,สุขุมวิท,ซอยสุขุมวิท 39,20,105,52
2022-10-07,,เขตราชเทวี,bangkok-ratchathewi,พญาไท,พญาไท,หน้ากรมปศุสัตว์ ขาเข้า,10,35,72
2022-10-07,,เขตราชเทวี,bangkok-ratchathewi,พญาไท,พญาไท,หน้ากรมปศุสัตว์ ขาออก,10,35,72
2022-10-07,,เขตยานนาวา,bangkok-yannawa,พระราม 3,พระราม 3,พระราาม3 ซอย 26,20,120,46.5
2022-10-07,,เขตวัฒนา,bangkok-watthana,สุขุมวิท 21(อโศก),สุขุมวิท 21(อโศก),ซอยชิโนทัย,20,65,52
2022-10-07,,เขตบางนา,bangkok-bang-na,สุขุมวิท,สุขุมวิท,หน้าธนาคารกรุงเทพ ขาออก,20,135,110
2022-10-07,,เขตบางนา,bangkok-bang-na,สุขุมวิท,สุขุมวิท,ช่วงลงทางด่วนสุขุมวิท ขาเข้า,50,150,110
2022-10-09,,เขตยานนาวา,bangkok-yannawa,พระราม 3,พระราม 3,ใต้สะพานพระราม 9,30,160,91.5
2022-10-09,,เขตสาทร,bangkok-sathorn,สาธุประดิษฐ์,สาธุประดิษฐ์,ถ.รัชดาภิเษก - ถ.จันทน์,25,175,83.5
2022-10-09,,เขตสาทร,bangkok-sathorn,จันทน์,จันทน์,แยกสาธุประดิษฐ์ - เเยกบำเพ็ญกุศล,15,155,83.5
2022-10-09,,เขตประเวศ,bangkok-prawet,เฉลิมพระเกียรติ ร.๙,เฉลิมพระเกียรติ ร.๙,แยกศรีอุดม,20,355,59.5
2022-10-09,,เขตบางรัก,bangkok-bang-rak,สุรวงศ์,สุรวงศ์,ใต้ทางด่วน,15,75,66
2022-10-09,,เขตสาทร,bangkok-sathorn,สวนพลู,สวนพลู,แยกเทคนิค - ซ.4,20,140,83.5
2022-10-09,,เขตวัฒนา,bangkok-watthana,สุขุมวิท,สุขุมวิท,ซอยสุขุมวิท 39,20,180,63
2022-10-09,,เขตสัมพันธวงศ์,bangkok-samphanthawong,เจริญกรุง,เจริญกรุง,แยกหมอมี,10,30,52
2022-10-09,,เขตธนบุรี,bangkok-thon-buri,เจริญนคร,เจริญนคร,แยกบุคคโล -  ดาวคะนอง,30,20,60
2022-10-09,,เขตสาทร,bangkok-sathorn,ประชาสุข,ประชาสุข,ถ.จันทน์ - โค้งกุศลทอง,20,75,83.5
2022-10-09,,เขตคลองเตย,bangkok-khlong-toei,สุขุมวิท 71,สุขุมวิท 71,ทางรถไฟสายเก่า - เเยก ณ ระนอง,20,100,93.5
2022-10-09,,เขตคลองเตย,bangkok-khlong-toei,สุนทรโกษา,สุนทรโกษา,แยก ณ ระนอง - กรมศุลกากร,20,170,93.5
2022-10-09,,เขตบางนา,bangkok-bang-na,สุขุมวิท,สุขุมวิท,แยกบางนาขาเข้า - สุขุมวิท 66/1,20,195,75.5
2022-10-09,,เขตบางนา,bangkok-bang-na,สุขุมวิท,สุขุมวิท,แยกอุดมสุข - ธนาคารกรุงเทพ (ขาออก),20,195,75.5
2022-10-09,,เขตคลองเตย,bangkok-khlong-toei,สุขุมวิท,สุขุมวิท,ซ.สุขุมวิท 26,20,170,93.5
2022-10-09,,เขตวัฒนา,bangkok-watthana,สุขุมวิท 21(อโศก),สุขุมวิท 21(อโศก),ซ.ชิโนทัย,10,70,63
2022-10-09,,เขตวัฒนา,bangkok-watthana,สุขุมวิท,สุขุมวิท,ซ.สุขุมวิท 71,30,240,63
2022-10-09,,เขตพระโขนง,bangkok-phra-khanong,สุขุมวิท,สุขุมวิท,ซ.สุขุมวิท 62,15,150,105
2022-10-09,,เขตคลองเตย,bangkok-khlong-toei,พระรามที่4,พระราม 4,ถ.สุขุมวิท - เเยกกล้วยน้ำไท,20,225,93.5
2022-10-11,,เขตวัฒนา,bangkok-watthana,สุขุมวิท 71,สุขุมวิท 71,ซอยปรีดีย์พนมยงค์ตลอดซอย,30,90,70
2022-10-11,,เขตวัฒนา,bangkok-watthana,สุขุมวิท 21(อโศก),สุขุมวิท 21(อโศก),ซอยชิโนไทย,20,120,70
2022-10-11,,เขตคลองเตย,bangkok-khlong-toei,สุขุมวิท,สุขุมวิท,ในซอยสุขุมวิท 26,30,150,63
2022-10-11,,เขตคลองเตย,bangkok-khlong-toei,พระรามที่4,พระราม 4,แยกเกษมราษฎร์,20,25,63
2022-10-11,,เขตวัฒนา,bangkok-watthana,อโศกมนตรี,อโศกมนตรี,ปากซอยชิโนทัย,20,90,70
2022-10-11,,เขตวัฒนา,bangkok-watthana,สุขุมวิท,สุขุมวิท,ปากสุขุมวิท 39 - ซ.พร้อมศรี,30,200,70
2022-10-11,,เขตราชเทวี,bangkok-ratchathewi,ศรีอยุธยา,ศรีอยุธยา,หน้าวังสวนผักกาด,15,60,60.5
2022-10-11,,เขตราชเทวี,bangkok-ratchathewi,ศรีอยุธยา,ศรีอยุธยา,หน้า รร.สันติราษฎร์,10,30,60.5
2022-10-11,,เขตราชเทวี,bangkok-ratchathewi,พญาไท,พญาไท,หน้ากรมปศุสัตว์,15,90,60.5
2022-10-11,,เขตราชเทวี,bangkok-ratchathewi,เพชรบุรี,เพชรบุรี,มิตรสัมพันธ์ - อโศก,15,60,60.5
2022-10-11,,เขตราชเทวี,bangkok-ratchathewi,เพชรบุรี,เพชรบุรี,แยกอโศก - คลองกะปิ,25,105,60.5
2022-10-23,,เขตบางนา,bangkok-bang-na,สุขุมวิท,สุขุมวิท,ซอยเเบริ่ง,20,55,60
2023-02-05,,เขตดินแดง,bangkok-din-daeng,อินทามระ,อินทามระ,ปากซอยอินทามระ 45,10,60,13
2023-02-15,,เขตประเวศ,bangkok-prawet,เฉลิมพระเกียรติ ร.๙,เฉลิมพระเกียรติ ร.๙,แยกศรีอุดม (ขาเข้า),15,95,35.5
2023-02-15,,เขตสวนหลวง,bangkok-suan-luang,รามคำแหง,รามคำแหง,อุโมงค์ลอดแยกพระราม 9,15,50,50
2023-02-15,,เขตประเวศ,bangkok-prawet,เฉลิมพระเกียรติ ร.๙,เฉลิมพระเกียรติ ร.๙,แยกศรีอุดม (ขาออก),15,95,35.5
2023-02-15,,เขตวัฒนา,bangkok-watthana,สุขุมวิท 71,สุขุมวิท 71,ซอยปรีดีพนมยงค์ 19-25,15,75,71
2023-02-15,,เขตดินแดง,bangkok-din-daeng,รัชดาภิเษก,รัชดาภิเษก,เเยกเทียมร่วมมิตร,15,10,51
2023-02-15,,เขตราชเทวี,bangkok-ratchathewi,ศรีอยุธยา,ศรีอยุธยา,โรงเรียนศรีอยุธยา,20,30,68.5
2023-02-15,,เขตราชเทวี,bangkok-ratchathewi,บรรทัดทอง,บรรทัดทอง,ช่วงถนนเพชรบุรี,15,40,68.5
2023-02-15,,เขตสวนหลวง,bangkok-suan-luang,พัฒนาการ,พัฒนาการ,หน้าธนาคารกรุงไทย,15,20,50
2023-02-15,,เขตคลองเตย,bangkok-khlong-toei,พระราม 4,พระราม 4,ช่วงซอยสุขุมวิท 46,15,45,41
2023-02-15,,เขตบางนา,bangkok-bang-na,สุขุมวิท 103,สุขุมวิท 103,ซอยอุดมสุข,20,165,80.5
2023-02-15,,เขตพระโขนง,bangkok-phra-khanong,สุขุมวิท 101/1,สุขุมวิท 101/1,วชิรธรรมสาทิต 25 - 32,20,150,68
2023-04-30,,เขตดินแดง,bangkok-din-daeng,ประชาสงเคราะห์,ประชาสงเคราะห์,ปากซอย 24,15,60,54.5
2023-05-11,,เขตราชเทวี,bangkok-ratchathewi,ศรีอยุธยา,ศรีอยุธยา,หน้าโรงเรียนศรีอยุธยา,15,55,45.5
2023-05-11,,เขตบางพลัด,bangkok-bang-phlat,จรัญสนิทวงศ์,จรัญสนิทวงศ์,อุโมงค์ทางลอดทางเเยกบางพลัด,15,50,70
2023-05-29,,เขตวัฒนา,bangkok-watthana,สุขุมวิท 71,สุขุมวิท 71,ช่วง ซอย16 -21 ขาออก,15,45,40
2023-05-29,,เขตวัฒนา,bangkok-watthana,สุขุมวิท 39,สุขุมวิท 39,กลางซอย - บ่อสูบน้ำสุขุมวิท 39 (ริมคลองเเสนแสบ),15,50,40
2023-05-29,,เขตคลองเตย,bangkok-khlong-toei,พระรามที่ 3,พระราม 3,ห้าแยก ณ ระนอง ถึง ตลาดฮ่องกงปีนัง,15,105,48.5
2023-05-29,,เขตคลองเตย,bangkok-khlong-toei,สุนทรโกษา,สุนทรโกษา,ถ.สุนทรโกษา - แยกศุลกากร,15,135,48.5
2023-05-29,,เขตสาทร,bangkok-sathorn,สวนพลู,สวนพลู,ช่วงตลาดสวนพลู,15,90,86
2023-05-29,,เขตคลองเตย,bangkok-khlong-toei,พระราม 4,พระราม 4,ซอยสุขุมวิท 26,15,15,48.5
2023-05-29,,เขตบางรัก,bangkok-bang-rak,สุรวงศ์,สุรวงศ์,ช่วงใต้ทางด่วนแยกสุรวงศ์,15,65,58
2023-05-30,,เขตดินแดง,bangkok-din-daeng,ประชาสุข,ประชาสุข,ซอยอินทามระ 53,20,140,55
2023-05-30,,เขตพญาไท,bangkok-phaya-thai,พหลโยธิน,พหลโยธิน,ปากซอยสายลม,20,120,87.5
2023-05-30,,เขตพญาไท,bangkok-phaya-thai,ประดิพัทธ์,ประดิพัทธ์,แยกสะพานควาย,20,120,87.5
2023-05-30,,เขตจตุจักร,bangkok-chatuchak,รัชดาภิเษก,รัชดาภิเษก,แยกรัชดาภิเษก ตัด ลาดพร้าว,20,75,68
2023-05-30,,เขตดินแดง,bangkok-din-daeng,ประชาสงเคราะห์,ประชาสงเคราะห์,ปากซอยประชาสงเคราะห์ 14 - 27,15,15,55
2023-05-30,,เขตพญาไท,bangkok-phaya-thai,สุทธิสารวินิจฉัย,สุทธิสารวินิจฉัย,แยกสะพานควาย - แยกสุทธิสาร,25,125,87.5
2023-06-17,,เขตบางเขน,bangkok-bang-khen,แจ้งวัฒนะ,แจ้งวัฒนะ,วงเวียนบางเขนขาเข้า,10,60,39.5
2023-06-28,,เขตสายไหม,bangkok-sai-mai,พหลโยธิน,พหลโยธิน,ซอยพหลโยธิน 60/1,30,25,46.5
2023-06-28,,เขตหลักสี่,bangkok-lak-si,แจ้งวัฒนะ,แจ้งวัฒนะ,หน้า มทบ.11,15,180,93.5
2023-06-28,,เขตหลักสี่,bangkok-lak-si,แจ้งวัฒนะ,แจ้งวัฒนะ,หน้าห้างโลตัส แจ้งวัฒนะ,15,150,93.5
2023-06-28,,เขตบางเขน,bangkok-bang-khen,พหลโยธิน,พหลโยธิน,วงเวียนบางเขน - หน้า สน.บางเขน,10,35,35
2023-07-01,,เขตหลักสี่,bangkok-lak-si,แจ้งวัฒนะ,แจ้งวัฒนะ,หน้าโลตัส,10,80,50
2023-07-01,,เขตหลักสี่,bangkok-lak-si,แจ้งวัฒนะ,แจ้งวัฒนะ,มทบ 11,10,80,50
2023-07-01,,เขตบางเขน,bangkok-bang-khen,แจ้งวัฒนะ,แจ้งวัฒนะ,วงเวียนบางเขน,10,40,23.5
2023-07-05,,เขตพญาไท,bangkok-phaya-thai,พหลโยธิน,พหลโยธิน,แยกสะพานควาย,10,45,47.5
2023-07-05,,เขตพญาไท,bangkok-phaya-thai,ประดิพัทธิ,ประดิพัทธิ,แยกสะพานควาย,10,45,47.5
2023-07-05,,เขตบางซื่อ,bangkok-bang-sue,ประชาราษฎร์2,ประชาราษฎร์ 2,แยกเตาปูน,10,100,67.5
2023-07-05,,เขตจตุจักร,bangkok-chatuchak,เทศบาลสงเคราะห์,เทศบาลสงเคราะห์,หน้าตลาดประชานิเวศน์,15,60,76
2023-07-05,,เขตจตุจักร,bangkok-chatuchak,กำแพงเพชร 3,กำแพงเพชร 3,ถนนกำแพงเพชร,10,60,76
2023-07-05,,เขตหลักสี่,bangkok-lak-si,งามวงศ์วาน,งามวงศ์วาน,ตลาดพงษ์เพชร,10,60,76
2023-07-05,,เขตหลักสี่,bangkok-lak-si,แจ้งวัฒนะ,แจ้งวัฒนะ,หน้าโลตัส,15,65,43.5
2023-07-05,,เขตบางเขน,bangkok-bang-khen,แจ้งวัฒนะ,แจ้งวัฒนะ,วงเวียนบางเขน,15,105,38.5
2023-07-05,,เขตจตุจักร,bangkok-chatuchak,รัชดาภิเษก,รัชดาภิเษก,หน้าแบงค์กรุงเทพ,10,40,56
2023-07-05,,เขตพญาไท,bangkok-phaya-thai,สุทธิสารวินิจฉัย,สุทธิสารวินิจฉัย,แยกสุทธิสาร - สะพานควาย,15,45,47.5
2023-07-05,,เขตหลักสี่,bangkok-lak-si,งามวงศ์วาน,งามวงศ์วาน,ซอยชินเขต,15,25,43.5
2023-07-05,,เขตสายไหม,bangkok-sai-mai,พหลโยธิน,พหลโยธิน,ช่วงซอยพหลโยธิน 60/1,20,110,58.5
2023-07-05,,เขตจตุจักร,bangkok-chatuchak,พหลโยธิน,พหลโยธิน,กองบังคับการปราบปราม,15,95,68
2023-07-05,,เขตหลักสี่,bangkok-lak-si,วิภาวดีรังสิต,วิภาวดีรังสิต,หน้าปั็ม ปตทถึงแยกหลักสี่,15,140,42.5
2023-07-09,,เขตสาทร,bangkok-sathorn,สาธุประดิษฐ์,สาธุประดิษฐ์,แยกถนนจันทน์ - สาธุประดิษฐ์ 16,15,40,55.5
2023-07-09,,เขตหลักสี่,bangkok-lak-si,แจ้งวัฒนะ,แจ้งวัฒนะ,หน้าโลตัส,10,40,33
2023-07-09,,เขตหลักสี่,bangkok-lak-si,แจ้งวัฒนะ,แจ้งวัฒนะ,หน้า มทบ.11,15,20,33
2023-07-09,,เขตบางเขน,bangkok-bang-khen,แจ้งวัฒนะ,แจ้งวัฒนะ,วงเวียนบางเขน  (ขาเข้า),10,25,18.5
2023-07-11,,เขตดินแดง,bangkok-din-daeng,ดินแดง,ดินแดง,หน้าซอยสุทธิพร 2,20,65,40
2023-07-11,,เขตดินแดง,bangkok-din-daeng,ประชาสุข,ประชาสุข,ปากซอย,20,50,40
2023-07-11,,เขตพญาไท,bangkok-phaya-thai,วิภาวดีรังสิต,วิภาวดีรังสิต,หน้ากรมทหาร,30,55,29
2023-07-11,,เขตดินแดง,bangkok-din-daeng,ประชาสงเคราะห์,ประชาสงเคราะห์,ปากซอย 14 - 24,10,45,40
2023-07-20,,เขตจตุจักร,bangkok-chatuchak,พหลโยธิน,พหลโยธิน,แยกรัชโยธิน-เซ็นทรัลลาดพร้าว,10,75,42.5
2023-07-20,,เขตวังทองหลาง,bangkok-wang-thonglang,รามคำแหง,รามคำแหง,ซอยรามคำแหง21,15,150,48
2023-07-20,,เขตห้วยขวาง,bangkok-huai-khwang,พระราม 9,พระราม 9,ซอยทวีมิตร อสมท.,20,85,34.5
2023-07-22,,เขตสวนหลวง,bangkok-suan-luang,พัฒนาการ,พัฒนาการ,แยกศรีนครินทร์,20,570,109.5
2023-07-22,,เขตจตุจักร,bangkok-chatuchak,รัชดาภิเษก,รัชดาภิเษก,หน้า ธ.กรุงเทพ,10,495,139
2023-07-22,,เขตจตุจักร,bangkok-chatuchak,พหลโยธิน,พหลโยธิน,เซ็นทรัลลาดพร้าว,10,295,92
2023-07-22,,เขตสวนหลวง,bangkok-suan-luang,พัฒนาการ,พัฒนาการ,ธ.กรุงไทย,15,235,109.5
2023-07-22,,เขตบางกะปิ,bangkok-bang-kapi,ศรีนครินทร์,ศรีนครินทร์,บ.กรีนสปอร์ต,15,25,83.5
2023-07-22,,เขตห้วยขวาง,bangkok-huai-khwang,ถาวรธวัช,ถาวรธวัช,อุโมงค์ทางลอดพระราม9,25,60,92
2023-07-22,,เขตบึงกุ่ม,bangkok-bung-kum,นวมินทร์,นวมินทร์,นวมินทร์ ซ.135,15,205,62.5
2023-07-22,,เขตคลองเตย,bangkok-khlong-toei,พระราม 4,พระราม 4,แยกกล้วยน้ำไท,20,190,114
2023-07-22,,เขตพญาไท,bangkok-phaya-thai,สุทธิสารวินิจฉัย,สุทธิสารวินิจฉัย,แยกสะพานควายถึง ถ.วิภาวดี,15,180,93.5
2023-07-22,,เขตวังทองหลาง,bangkok-wang-thonglang,ลาดพร้าว,ลาดพร้าว,ลาดพร้าว ซ.89,25,630,91
2023-07-22,,เขตดินแดง,bangkok-din-daeng,ประชาสุข,ประชาสุข,ประชาสุข ซ.53,15,285,66.5
2023-07-22,,เขตจตุจักร,bangkok-chatuchak,พหลโยธิน,พหลโยธิน,ซ.เสนานิคม,30,300,92
2023-07-22,,เขตหลักสี่,bangkok-lak-si,แจ้งวัฒนะ,แจ้งวัฒนะ,หน้าโลตัส,15,100,66
2023-07-22,,เขตหลักสี่,bangkok-lak-si,แจ้งวัฒนะ,แจ้งวัฒนะ,มทบ.11,20,100,66
2023-07-22,,เขตบางซื่อ,bangkok-bang-sue,ประชาราษฎร์2,ประชาราษฎร์ 2,แยกเตาปูน,15,140,89
2023-07-22,,เขตจตุจักร,bangkok-chatuchak,พหลโยธิน,พหลโยธิน,ห้าแยกลาดพร้าวถึง ค.บางซื่อ,15,240,92
2023-07-22,,เขตบางเขน,bangkok-bang-khen,แจ้งวัฒนะ,แจ้งวัฒนะ,วงเวียนบางเขน,20,170,60.5
2023-07-22,,เขตจตุจักร,bangkok-chatuchak,รัชดาภิเษก,รัชดาภิเษก,หน้าศาลอาญารัชดา,20,465,139
2023-07-22,,เขตจตุจักร,bangkok-chatuchak,กำแพงเพชร 1,กำแพงเพชร 1,หมอชิตใหม่,15,285,92
2023-07-22,,เขตวัฒนา,bangkok-watthana,สุขุมวิท,สุขุมวิท,สุขุมวิท 39,20,150,83
2023-07-22,,เขตดินแดง,bangkok-din-daeng,ประชาสงเคราะห์,ประชาสงเคราะห์,หน้าตลาดห้วยขวาง,15,130,67
2023-07-22,,เขตพญาไท,bangkok-phaya-thai,วิภาวดีรังสิต,วิภาวดีรังสิต,ร.1 พัน1 รอ.,20,175,93.5
2023-07-22,,เขตวัฒนา,bangkok-watthana,สุขุมวิท 21(อโศก),สุขุมวิท 21(อโศก),ซ.ชิโนทัย,15,55,83
2023-07-22,,เขตพญาไท,bangkok-phaya-thai,พหลโยธิน,พหลโยธิน,แยกสะพานควาย,20,90,93.5
2023-07-22,,เขตบึงกุ่ม,bangkok-bung-kum,นวมินทร์,นวมินทร์,แยกสันติอโศก,30,300,62.5
2023-07-22,,เขตคลองเตย,bangkok-khlong-toei,สุนทรโกษา,สุนทรโกษา,แยกศุลกากร - แยก ณ ระนอง,15,115,114
2023-07-22,,เขตคลองเตย,bangkok-khlong-toei,สุนทรโกษา,สุนทรโกษา,แยก ณ ระนอง - ทางรถไฟสายท่าเรือ,20,155,114
2023-07-22,,เขตคลองเตย,bangkok-khlong-toei,เกษมราษฎร์,เกษมราษฎร์,ทางด่วนท่าเรือ - ค.หัวลำโพง,15,115,114
2023-07-22,,เขตจตุจักร,bangkok-chatuchak,พหลโยธิน,พหลโยธิน,แยกเกษตร,30,170,83
2023-07-22,,เขตคลองเตย,bangkok-khlong-toei,พระราม 4,พระราม 4,แยกเกษมราษฎร์ - ท้าย ซ.สุขุมวิท 36,15,90,83
2023-07-22,,เขตพญาไท,bangkok-phaya-thai,ประดิพัทธ์,ประดิพัทธ์,แยกสะพานควาย,30,150,93.5
2023-07-22,,เขตคลองเตย,bangkok-khlong-toei,สุขุมวิท,สุขุมวิท,ซ.สุขุมวิท 36 - 42,15,40,83
2023-07-22,,เขตคลองเตย,bangkok-khlong-toei,พระราม 4,พระราม 4,กล้วยน้ำไท - สุขุมวิท,15,85,114
2023-07-22,,เขตคลองเตย,bangkok-khlong-toei,สุขุมวิท,สุขุมวิท,ซ.สุขุมวิท 26,15,220,114
2023-07-22,,เขตวัฒนา,bangkok-watthana,สุขุมวิท 71,สุขุมวิท 71,ค.บางมะเขือ - บ่อสูบคลองตัน,50,250,130
2023-07-22,,เขตวัฒนา,bangkok-watthana,สุขุมวิท,สุขุมวิท,แยกเอกมัย - ค.พระโขนง,20,160,130
2023-07-22,,เขตจตุจักร,bangkok-chatuchak,กำแพงเพชร 2,กำแพงเพชร 2,หน้า เจเจมอล์ล,15,215,92
2023-07-23,,เขตสวนหลวง,bangkok-suan-luang,พัฒนาการ,พัฒนาการ,แยกศรีนครินทร์,15,85,41
2023-07-23,,เขตดินแดง,bangkok-din-daeng,ประชาสงเคราะห์,ประชาสงเคราะห์,ตลาดดินแดง - โรงบำบัดน้ำดินแดง,10,60,53
2023-07-23,,เขตสวนหลวง,bangkok-suan-luang,พัฒนาการ,พัฒนาการ,ปากซอยพัฒนาการ 54,10,210,41
2023-07-23,,เขตสวนหลวง,bangkok-suan-luang,พัฒนาการ,พัฒนาการ,ในซอยพัฒนาการ 54,20,300,41
2023-08-23,,เขตราชเทวี,bangkok-ratchathewi,บรรทัดทอง,บรรทัดทอง,แยกเพชรบุรี,20,105,53.5
2023-08-31,,เขตหลักสี่,bangkok-lak-si,แจ้งวัฒนะ,แจ้งวัฒนะ,หน้าโลตัส,15,25,45
2023-08-31,,เขตสายไหม,bangkok-sai-mai,พหลโยธิน,พหลโยธิน,พหลโยธิน 60/1,30,60,70
2023-09-03,,เขตราชเทวี,bangkok-ratchathewi,บรรทัดทอง,บรรทัดทอง,ช่วงถนนเพชรบุรี,15,50,56.5
2023-09-03,,เขตราชเทวี,bangkok-ratchathewi,ศรีอยุธยา,ศรีอยุธยา,โรงเรียนสันติราษฎร์,15,40,33.5
2023-09-20,,เขตจตุจักร,bangkok-chatuchak,พหลโยธิน,พหลโยธิน,หน้าห้างโลตัส สาขาลาดพร้าว,10,50,30.5
2023-09-21,,เขตบางนา,bangkok-bang-na,สุขุมวิท,สุขุมวิท,ซอยแบริ่ง,20,155,153.5
2023-09-21,,เขตคลองเตย,bangkok-khlong-toei,พระรามที่4,พระราม 4,หน้าห้างบิ๊กซี- อาคารมาลีนนท์,15,40,69.5
2023-09-21,,เขตบางนา,bangkok-bang-na,สุขุมวิท,สุขุมวิท,หน้ากรมอุตุนิยมวิทยา,20,60,153.5
2023-09-21,,เขตบางนา,bangkok-bang-na,สุขุมวิท,สุขุมวิท,แยกบางนา,20,155,153.5
2023-09-21,,เขตคลองเตย,bangkok-khlong-toei,สุขุมวิท,สุขุมวิท,ซอยสุขุมวิท 26,15,40,69.5
2023-09-21,,เขตบางนา,bangkok-bang-na,สุขุมวิท,สุขุมวิท,ช่วงซอยอุดมสุข 1,15,390,153.5
2023-09-21,,เขตวังทองหลาง,bangkok-wang-thonglang,ลาดพร้าว,ลาดพร้าว,บ่อสูบน้ำคลองเจ้าคุณสิงห์,20,150,65
2023-09-21,,เขตบางซื่อ,bangkok-bang-sue,ประชาราษฎร์,ประชาราษฎร์,แยกเตาปูน,15,85,98
2023-09-21,,เขตพญาไท,bangkok-phaya-thai,วิภาวดีรังสิต,วิภาวดีรังสิต,ร1 พัน1 รอ.,10,20,63.5
2023-09-23,,เขตตลิ่งชัน,bangkok-taling-chan,พุทธมณฑลสาย 1,พุทธมณฑลสาย 1,ตลาดสายใต้เซ็นเตอร์,30,85,91
2023-09-23,,เขตตลิ่งชัน,bangkok-taling-chan,เลียบทางรถไฟสายใต้๑,เลียบทางรถไฟสายใต้๑,หน้าศาลตลิ่งชัน,15,155,91
2023-09-24,,เขตดินแดง,bangkok-din-daeng,ประชาสงเคราะห์,ประชาสงเคราะห์,แยกพร้อมพรรณ-หอนาฬิกา,15,120,55.5
2023-09-24,,เขตดินแดง,bangkok-din-daeng,ประชาสุข,ประชาสุข,อินทามะระ45 -53,10,20,55.5
2023-09-24,,เขตดินแดง,bangkok-din-daeng,ประชาสงเคราะห์,ประชาสงเคราะห์,หอนาฬิกา - สามแยกตลาดห้วยขวาง,30,45,55.5
2023-09-24,,เขตราชเทวี,bangkok-ratchathewi,พระราม 6,พระราม 6,กรมทางหลวง,15,45,41.5
2023-09-25,,เขตสาทร,bangkok-sathorn,สวนพลู,สวนพลู,เทคนิคกรุงเทพ,20,85,74.5
2023-09-25,,เขตคลองเตย,bangkok-khlong-toei,สุนทรโกษา,สุนทรโกษา,แยก ณ ระนอง,15,110,59.5
2023-09-25,,เขตบางรัก,bangkok-bang-rak,สุรวงศ์,สุรวงศ์,ทางด่วน,30,160,61
2023-09-25,,เขตราชเทวี,bangkok-ratchathewi,เพชรบุรี,เพชรบุรี,ถนนบรรทัดทอง,25,100,70
2023-09-25,,เขตราชเทวี,bangkok-ratchathewi,ศรีอยุธยา,ศรีอยุธยา,หน้าโรงเรียนศรีอยุธยา,15,55,70
2023-09-25,,เขตราชเทวี,bangkok-ratchathewi,พระราม 3,พระราม 3,ฮ่องกง-ปีนัง,10,80,70
2023-09-25,,เขตคลองเตย,bangkok-khlong-toei,พระราม 3,พระราม 3,ทางรถไฟ,15,85,59.5
2023-09-25,,เขตปทุมวัน,bangkok-pathum-wan,พระราม 1,พระราม 1,สนามกีฬา,15,75,68
2023-09-25,,เขตราชเทวี,bangkok-ratchathewi,ศรีอยุธยา,ศรีอยุธยา,หน้าวังสวนผักกาด,15,65,70
2023-09-25,,เขตราชเทวี,bangkok-ratchathewi,ศรีอยุธยา,ศรีอยุธยา,หน้าโรงเรียนสันติราษฏร์,15,,70
2023-09-25,,เขตคลองเตย,bangkok-khlong-toei,สุขุมวิท,สุขุมวิท,ถ.สุขุมวิท26 - พระราม 4,20,155,59.5
2023-09-25,,เขตราชเทวี,bangkok-ratchathewi,พญาไท,พญาไท,กรมปศุสัตว์,15,120,70
2023-09-25,,เขตพระนคร,bangkok-phra-nakhon,สนามไชย,สนามไชย,วัดโพธิ์,15,25,42.5
2023-09-25,,เขตคลองสาน,bangkok-khlong-san,เจริญนคร,เจริญนคร,ซอย3 - ไอคอนสยาม,10,15,54
2023-09-25,,เขตคลองเตย,bangkok-khlong-toei,พระราม 4,พระราม 4,สุนทรโกษา - แสนสบาย,20,55,59.5
2023-09-25,,เขตสาทร,bangkok-sathorn,นางลิ้นจี่,นางลิ้นจี่,แยกถนนจันทร์-ซอยเทคนิคกรุงเทพ,20,65,74.5
2023-09-25,,เขตสาทร,bangkok-sathorn,นราธิวาสราชนครินทร์,นราธิวาสราชนครินทร์,ซอย17-แยกเทคนิคกรุงเทพ,20,90,74.5
2023-09-25,,เขตคลองเตย,bangkok-khlong-toei,สุนทรโกษา,สุนทรโกษา,หน้ากรมศุลกากร,20,75,59.5
2023-09-25,,เขตคลองเตย,bangkok-khlong-toei,สุขุมวิท,สุขุมวิท,สุขุมวิท22 - ถ.พระราม 4,20,80,59.5
2023-09-25,,เขตราชเทวี,bangkok-ratchathewi,ศรีอยุธยา,ศรีอยุธยา,สน.พญาไท,15,75,70
2023-09-25,,เขตราชเทวี,bangkok-ratchathewi,นิคมมักกะสัน,นิคมมักกะสัน,แยกราชปรารภ,15,30,70
2023-09-25,,เขตราชเทวี,bangkok-ratchathewi,พระราม 6,พระราม 6,แยกตึกชัย - หน้าโรงพยาบาลรามา,15,60,70
2023-09-25,,เขตราชเทวี,bangkok-ratchathewi,พระราม 6,พระราม 6,หน้ากรมทางหลวง,15,90,70
2023-09-26,,เขตบางแค,bangkok-bang-khae,เพชรเกษม,เพชรเกษม,แยกวงแหวนบางแค,15,105,88
2023-09-26,,เขตราชเทวี,bangkok-ratchathewi,เพชรบุรี,เพชรบุรี,บรรทัดทอง,15,60,46.5
2023-09-26,,เขตคลองสาน,bangkok-khlong-san,เจริญนคร,เจริญนคร,สะพานสาทร - คลองต้นไทร,15,30,56.5
2023-09-26,,เขตบางเขน,bangkok-bang-khen,พหลโยธิน,พหลโยธิน,วงเวียนบางเขน - หน้า สน.บางเขน,10,15,30
2023-09-26,,เขตลาดกระบัง,bangkok-lat-krabang,หลวงแพ่ง,หลวงแพ่ง,หน้าห้างโลตัส,15,80,34.5
2023-09-26,,เขตตลิ่งชัน,bangkok-taling-chan,พุทธมณฑลสาย 1,พุทธมณฑลสาย 1,ตลาดสายใต้เซ็นเตอร์,30,30,51.5
2023-09-26,,เขตบางขุนเทียน,bangkok-bang-khun-thian,ท่าข้าม,ท่าข้าม,คลองกล้วย - ซอยท่าข้าม 61/1,15,50,43.5
2023-09-26,,เขตคลองเตย,bangkok-khlong-toei,พระราม 4,พระราม 4,แยกกล้วยน้ำไทย - แยกพระโขนง,20,205,137.5
2023-09-26,,เขตบางนา,bangkok-bang-na,อุดมสุข,อุดมสุข,หน้าตลาดอุดม,20,330,100
2023-09-26,,เขตบางนา,bangkok-bang-na,สุขุมวิท,สุขุมวิท,แยกบางนา,15,190,100
2023-09-26,,เขตพระโขนง,bangkok-phra-khanong,สุขุมวิท101/1,สุขุมวิท 101/1,ปากซอยวชิรธรรมสาธิต 25,20,510,145
2023-09-26,,เขตคลองเตย,bangkok-khlong-toei,สุขุมวิท26,สุขุมวิท 26,หน้าโรงแรมโฟร์วิง,25,25,137.5
2023-09-26,,เขตบางนา,bangkok-bang-na,สรรพาวุธ,สรรพาวุธ,แยกสรรพาวุธ,15,160,100
2023-09-26,,เขตบางแค,bangkok-bang-khae,เพชรเกษม,เพชรเกษม,ซอยวัดม่วง,15,75,88
2023-09-26,,เขตบางแค,bangkok-bang-khae,หมู่บ้านเศรษฐกิจ,หมู่บ้านเศรษฐกิจ,ซ.3 - วงเวียนอู่ทอง,15,110,88
2023-09-28,,เขตสาทร,bangkok-sathorn,สาธุประดิษฐ์,สาธุประดิษฐ์,ปากซอย 2,15,25,43.5
2023-09-28,,เขตห้วยขวาง,bangkok-huai-khwang,รัชดาภิเษก,รัชดาภิเษก,ซอยเทียมร่วมมิตร,,25,44.5
2023-09-28,,เขตดินแดง,bangkok-din-daeng,ประชาสงเคราะห์,ประชาสงเคราะห์,ตลาดเช้า-แยกองค์พระ,10,25,31.5
2023-09-28,,เขตวัฒนา,bangkok-watthana,สุขุมวิท 39,สุขุมวิท 39,ซอยสุขุมวิท 39,,70,35.5
2023-09-28,,เขตวังทองหลาง,bangkok-wang-thonglang,ลาดพร้าว,ลาดพร้าว,ซอยลาดพร้าว 64 แยก 14,10,145,37.5
2023-09-30,,เขตหลักสี่,bangkok-lak-si,แจ้งวัฒนะ,แจ้งวัฒนะ,หน้าโลตัสหลักสี่,15,45,40
2023-10-03,,เขตสวนหลวง,bangkok-suan-luang,พัฒนาการ,พัฒนาการ,แยกศรีนครินทร์,15,80,64.5
2023-10-03,,เขตดินแดง,bangkok-din-daeng,รัชดาภิเษก,รัชดาภิเษก,ซอยเทียมร่วมมิตร,15,40,68
2023-10-03,,เขตสวนหลวง,bangkok-suan-luang,พัฒนาการ,พัฒนาการ,ธนาคารกรุงไทย,15,85,64.5
2023-10-03,,เขตราชเทวี,bangkok-ratchathewi,ศรีอยุธยา,ศรีอยุธยา,โรงเรียนศรีอยุธยา,15,102,97.5
2023-10-03,,เขตราชเทวี,bangkok-ratchathewi,ศรีอยุธยา,ศรีอยุธยา,ถนนพญาไท,15,15,97.5
2023-10-03,,เขตราชเทวี,bangkok-ratchathewi,นิคมมักกะสัน,นิคมมักกะสัน,แยกราชปรารภ,20,95,97.5
2023-10-03,,เขตวัฒนา,bangkok-watthana,สุขุมวิท 71,สุขุมวิท 71,ซอยปรีดีพนมยงค์ 20,25,70,69
2023-10-03,,เขตราชเทวี,bangkok-ratchathewi,บรรทัดทอง,บรรทัดทอง,ถนนเพชรบุรี,20,145,97.5
2023-10-03,,เขตป้อมปราบศัตรูพ่าย,bangkok-pom-prap-sattru-phai,หลานหลวง,หลานหลวง,ธนาคารกรุงไทย,20,85,101.5
2023-10-03,,เขตราชเทวี,bangkok-ratchathewi,ศรีอยุธยา,ศรีอยุธยา,โรงเรียนสันติราษฎร์,20,95,97.5
2023-10-03,,เขตห้วยขวาง,bangkok-huai-khwang,เพชรบุรีตัดใหม่,เพชรบุรีตัดใหม่,์สิงห์คอมเพล็กซ์,20,100,61.5
2023-10-03,,เขตปทุมวัน,bangkok-pathum-wan,ราชดำริ,ราชดำริ,โรงพยาบาลตำรวจ,15,100,100
2023-10-03,,เขตราชเทวี,bangkok-ratchathewi,พญาไท,พญาไท,กรมปศุสัตว์,15,165,97.5
2023-10-03,,เขตดุสิต,bangkok-dusit,ราชวิถี,ราชวิถี,สะพานกรุงธนบุรี,15,105,73.5
2023-10-03,,เขตดินแดง,bangkok-din-daeng,ดินแดง,ดินแดง,โรงเรียนพิบูลฯ,15,45,68
2023-10-03,,เขตราชเทวี,bangkok-ratchathewi,พระรามที่ 6,พระราม 6,พิพิธภัณฑ์กรมทางหลวง,15,190,97.5
2023-10-03,,เขตวัฒนา,bangkok-watthana,สุขุมวิท 39,สุขุมวิท 39,ซอยสุขุมวิท 39,30,165,69
2023-10-03,,เขตดุสิต,bangkok-dusit,นครไชยศรี,นครไชยศรี,ตลาดศรีย่าน,15,25,73.5
2023-10-03,,เขตพญาไท,bangkok-phaya-thai,พระราม 6,พระราม 6,ลงทางด่วน,15,50,86.5
2023-10-03,,เขตพระนคร,bangkok-phra-nakhon,สนามไชย,สนามไชย,หน้าวัดโพธิ์,10,70,125.5
2023-10-03,,เขตบางรัก,bangkok-bang-rak,สุรวงศ์,สุรวงศ์,ใต้ทางด่วน,20,80,68.5
2023-10-03,,เขตภาษีเจริญ,bangkok-phasi-charoen,เพชรเกษม,เพชรเกษม,หน้าซีคอน,15,125,109
2023-10-03,,เขตคลองเตย,bangkok-khlong-toei,พระรามที่4,พระราม 4,สุขุมวิท26 - ซอยแสนสบาย,,45,73.5
2023-10-03,,เขตตลิ่งชัน,bangkok-taling-chan,พุทธมณฑลสาย 1,พุทธมณฑลสาย 1,สายใต้ใหม่,20,105,108.5
2023-10-03,,เขตบางแค,bangkok-bang-khae,หมู่บ้านเศรษฐกิจ,หมู่บ้านเศรษฐกิจ,บางจาก-วงเวียนกาญจนา,10,105,90
2023-10-03,,เขตดินแดง,bangkok-din-daeng,ประชาสงเคราะห์,ประชาสงเคราะห์,องค์พระ,10,80,68
2023-10-03,,เขตตลิ่งชัน,bangkok-taling-chan,เข้าคลองศาลเจ้า,เข้าคลองศาลเจ้า,หน้าศาลตลิ่งชัน,15,540,108.5
2023-10-03,,เขตบางกอกน้อย,bangkok-noi,อิสรภาพ,อิสรภาพ,หน้าตลาดพรานนก,15,75,105
2023-10-03,,เขตคลองเตย,bangkok-khlong-toei,สุขุมวิท26,สุขุมวิท 26,สุขุมวิท26,20,125,73.5
2023-10-03,,เขตภาษีเจริญ,bangkok-phasi-charoen,เพชรเกษม,เพชรเกษม,ซอย 37 - หน้าพุทธมณฑลสาย 1,10,120,109
2023-10-03,,เขตบางแค,bangkok-bang-khae,เพชรเกษม,เพชรเกษม,ตลาดบางแคขาเข้า,20,195,90
2023-10-03,,เขตวัฒนา,bangkok-watthana,สุขุมวิท 21(อโศก),สุขุมวิท 21(อโศก),อาคารรัชภาค - แยกชิโนไท,15,150,69
2023-10-03,,เขตบางแค,bangkok-bang-khae,เพชรเกษม,เพชรเกษม,ซอย 59- ซอยวัดม่วง,15,50,90
2023-10-03,,เขตราชเทวี,bangkok-ratchathewi,ราชปรารภ,ราชปรารภ,แยกราชปรารภ-สามเหลียมดินแดง,20,110,97.5
2023-10-03,,เขตสวนหลวง,bangkok-suan-luang,พัฒนาการ,พัฒนาการ,หน้าโชว์รูมเบนซ์,15,95,64.5
2023-10-03,,เขตบางแค,bangkok-bang-khae,เพชรเกษม,เพชรเกษม,หน้า ม.สยาม,15,90,90
2023-10-03,,เขตคลองเตย,bangkok-khlong-toei,สุนทรโกษา,สุนทรโกษา,5 แยก ณ ระนอง - แยกศุลการกร,15,35,73.5
2023-10-03,,เขตราชเทวี,bangkok-ratchathewi,ศรีอยุธยา,ศรีอยุธยา,หน้าวังสวนผักกาด - แยกพญาไท,15,40,97.5
2023-10-03,,เขตภาษีเจริญ,bangkok-phasi-charoen,เพชรเกษม,เพชรเกษม,หน้าตลาดเสนีย์,15,20,109
2023-10-03,,เขตราชเทวี,bangkok-ratchathewi,พระรามที่ 6,พระราม 6,กองการพัสดุ กรมทางหลวง,15,195,97.5
2023-10-04,,เขตสาทร,bangkok-sathorn,สวนพลู,สวนพลู,ตลาดสวนพลู,15,55,58
2023-10-04,,เขตบางรัก,bangkok-bang-rak,สุรวงศ์,สุรวงศ์,ใต้ทางด่วน,15,40,39.5
2023-10-04,,เขตสาทร,bangkok-sathorn,สาธุประดิษฐ์,สาธุประดิษฐ์,สาธุประดิษฐ์ 2,15,15,58
2023-10-04,,เขตคลองเตย,bangkok-khlong-toei,พระราม 4,พระราม 4,แยกกล้วยน้ำไทย,15,30,60.5
2023-10-04,,เขตคลองสาน,bangkok-khlong-san,เจริญนคร,เจริญนคร,ใต้สะพานสาทร,10,50,43
2023-10-05,,เขตหลักสี่,bangkok-lak-si,งามวงศ์วาน,งามวงศ์วาน,แยกพงษ์เพชร,20,25,49
2023-10-05,,เขตหลักสี่,bangkok-lak-si,แจ้งวัฒนะ,แจ้งวัฒนะ,หน้าโลตัส,20,65,49
2023-10-05,,เขตหลักสี่,bangkok-lak-si,แจ้งวัฒนะ,แจ้งวัฒนะ,หน้า มทบ.11,15,45,49
2023-10-09,,เขตสายไหม,bangkok-sai-mai,พหลโยธิน,พหลโยธิน,ช่วงซอยพหลโยธิน 60/1,15,30,52.5
2023-10-10,,เขตวัฒนา,bangkok-watthana,สุขุมวิท 39,สุขุมวิท 39,ซ.พร้อมใจ-แยกพร้อมศรี,20,50,43.5
2023-10-10,,เขตวัฒนา,bangkok-watthana,สุขุมวิท,สุขุมวิท,ซอยชิโนไทย - สุขุมวิทซอย23,10,40,43.5
2023-10-10,,เขตคลองเตย,bangkok-khlong-toei,สุขุมวิท26,สุขุมวิท 26,ถ.พระราม4-โรงแรมโฟร์วิงส์,20,50,43.5
2023-10-11,,เขตลาดกระบัง,bangkok-lat-krabang,ลาดกระบัง,ลาดกระบัง,แยกกิ่งแก้ว,15,240,43
2023-10-11,,เขตลาดกระบัง,bangkok-lat-krabang,หลวงแพ่ง,หลวงแพ่ง,หน้าโลตัสลาดกระบัง,20,175,43
2023-10-16,,เขตสวนหลวง,bangkok-suan-luang,พัฒนาการ,พัฒนาการ,แยกศรีนครินทร์,15,100,40
2023-10-16,,เขตบางบอน,bangkok-bang-bon,เอกชัย,เอกชัย,ซอยเอกชัย60 - 68,15,50,49.5
2023-10-16,,เขตบางบอน,bangkok-bang-bon,เอกชัย,เอกชัย,ซอยเอกชัย65- คลองราชมนตรี,15,45,49.5
2023-10-21,,เขตบางแค,bangkok-bang-khae,เพชรเกษม,เพชรเกษม,วัดม่วง,10,30,61.5
2023-10-21,,เขตบางรัก,bangkok-bang-rak,สุรวงศ์,สุรวงศ์,ใต้ทางด่วน,10,15,50
2023-10-21,,เขตบึงกุ่ม,bangkok-bung-kum,นวมินทร์,นวมินทร์,สันติอโศก,10,30,32
2023-10-21,,เขตบางบอน,bangkok-bang-bon,เอกชัย,เอกชัย,หน้าห้างบิ๊กซี,15,35,44
2023-10-21,,เขตจอมทอง,bangkok-chom-thong,จอมทอง,จอมทอง,จอมทอง ซ.8-12,15,55,56
2023-10-21,,เขตคลองสาน,bangkok-khlong-san,เจริญนคร,เจริญนคร,ใต้สะพานสาทร,10,35,51
2023-10-21,,เขตลาดพร้าว,bangkok-lat-phrao,นาคนิวาส,นาคนิวาส,ปากซอยนาคนิวาส 57,10,60,40
2023-10-21,,เขตลาดพร้าว,bangkok-lat-phrao,นาคนิวาส,นาคนิวาส,ปากซอยนาคนิวาส 20 - 42,10,60,40
2023-10-24,,เขตบางแค,bangkok-bang-khae,หมู่บ้านเศรษฐกิจ,หมู่บ้านเศรษฐกิจ,ซอย 3 - ซอย 7,15,70,65.5
2023-10-28,,เขตสวนหลวง,bangkok-suan-luang,พัฒนาการ,พัฒนาการ,หน้าธนาคารกรุงไทย,10,25,28.5
2023-10-28,,เขตหลักสี่,bangkok-lak-si,แจ้งวัฒนะ,แจ้งวัฒนะ,หน้าห้างโลตัส,15,75,67.5
2023-10-28,,เขตหลักสี่,bangkok-lak-si,แจ้งวัฒนะ,แจ้งวัฒนะ,หน้า มทบ.11,15,40,67.5
2023-10-28,,เขตหลักสี่,bangkok-lak-si,งามวงศ์วาน,งามวงศ์วาน,แยกพงษ์เพชร,15,45,67.5
2023-10-29,,เขตวังทองหลาง,bangkok-wang-thonglang,ประดิษฐ์มนูธรรม,ประดิษฐ์มนูธรรม,แยกศรีวรา,15,130,71
2023-11-05,,เขตสวนหลวง,bangkok-suan-luang,พัฒนาการ,พัฒนาการ,อุโมงค์ลอดแยกพัฒนาการ,10,50,47
2023-11-05,,เขตสวนหลวง,bangkok-suan-luang,พัฒนาการ,พัฒนาการ,หน้าธนาคารกรุงไทย,10,45,47
2023-11-05,,เขตสวนหลวง,bangkok-suan-luang,พัฒนาการ,พัฒนาการ,แยกศรีนครินทร์ (ขาเข้า),20,130,47
2023-11-05,,เขตสวนหลวง,bangkok-suan-luang,พัฒนาการ,พัฒนาการ,แยกศรีนครินทร์ (ขาออก),20,100,47
2023-11-07,,เขตวัฒนา,bangkok-watthana,สุขุมวิท 71,สุขุมวิท 71,ซอยปรีดีพนมยงค์ 15-20,20,35,44.5
2023-11-07,,เขตหลักสี่,bangkok-lak-si,งามวงศ์วาน,งามวงศ์วาน,หน้าตลาดพงษ์เพชร,20,75,28.5
2023-11-10,,เขตดินแดง,bangkok-din-daeng,รัชดาภิเษก,รัชดาภิเษก,แยกเทียมร่วมมิตร,15,20,39.5
2023-11-10,,เขตราชเทวี,bangkok-ratchathewi,ศรีอยุธยา,ศรีอยุธยา,หน้าโรงเรียนศรีอยุธยา,15,15,36.5
2024-03-20,,เขตพระนคร,bangkok-phra-nakhon,มหาราช,มหาราช,วัดโพธิ์,15,35,50.5
2024-03-20,,เขตบางแค,bangkok-bang-khae,เพชรเกษม,เพชรเกษม,เดอร์มอลบางแค(วงแหวน),,60,90.5
2024-03-20,,เขตบางแค,bangkok-bang-khae,เพชรเกษม,เพชรเกษม,ปากซอยวัดม่วง,,60,90.5
2024-03-20,,เขตดินแดง,bangkok-din-daeng,ประชาสุข,ประชาสุข,ซอย53,10,80,52.5
2024-03-20,,เขตดินแดง,bangkok-din-daeng,ประชาสงเคราะห์,ประชาสงเคราะห์,ช่วงตลาดเช้า,15,45,52.5
2024-03-20,,เขตบางแค,bangkok-bang-khae,เพชรเกษม,เพชรเกษม,หน้าวัดรางบัว,15,75,90.5
2024-03-20,,เขตบางแค,bangkok-bang-khae,เพชรเกษม,เพชรเกษม,หน้าวัดประดู่,15,55,90.5
2024-03-20,,เขตป้อมปราบศัตรูพ่าย,bangkok-pom-prap-sattru-phai,เสือป่า,เสือป่า,แยกวรจักร,,35,50.5
2024-03-20,,เขตหลักสี่,bangkok-lak-si,แจ้งวัฒนะ,แจ้งวัฒนะ,ช่วงแจ้งวัฒนะซอย10,15,45,50
2024-03-20,,เขตบางแค,bangkok-bang-khae,เพชรเกษม,เพชรเกษม,คลองยายเพียร-คลองราชมนตรี,15,135,90.5
2024-05-16,,เขตพระโขนง,bangkok-phra-khanong,สุขุมวิท,สุขุมวิท,ซอยสุขุมวิท101/1,15,35,31.5
2024-05-16,,เขตประเวศ,bangkok-prawet,อุดมสุข,อุดมสุข,แยกศรีอุดม,15,80,35.5
2024-05-16,,เขตสวนหลวง,bangkok-suan-luang,พัฒนาการ,พัฒนาการ,ซอยพัฒนาการ54,15,55,35.5
2024-05-16,,เขตราษฎร์บูรณะ,bangkok-rat-burana,สุขสวัสดิ์,สุขสวัสดิ์,ซอยสุขสวัสดิ์16,15,35,44
2024-05-16,,เขตบางนา,bangkok-bang-na,บางนา-ตราด,บางนา-ตราด,บริเวณบิ๊กซีบางนา-แยกศรีเอี่ยม,15,485,37
2024-05-16,,เขตประเวศ,bangkok-prawet,ศรีนครินทร์,ศรีนครินทร์,บริเวณหลังพาราไดซ์พาร์ค ศรีนครินทร์,15,60,35.5
2024-05-16,,เขตสวนหลวง,bangkok-suan-luang,พัฒนาการ,พัฒนาการ,ซอยพัฒนาการ 30 - สะพานข้ามคลอง,10,45,40.5
2024-05-16,,เขตวัฒนา,bangkok-watthana,สุขุมวิท,สุขุมวิท,ซอย สุขุมวิท71,15,15,40.5
2024-05-19,,เขตบึงกุ่ม,bangkok-bung-kum,นวมินทร์,นวมินทร์,ช่วงซอย 46 (สันติอโศก),20,55,23.5
2024-05-20,,เขตมีนบุรี,bangkok-min-buri,รามอินทรา,รามอินทรา,แยกมีนบุรี,20,15,44.5
2024-05-20,,เขตบางเขน,bangkok-bang-khen,ลาดปลาเค้า,ลาดปลาเค้า,ซอยลาดปลาเค้า78,20,165,44.5
2024-05-21,,เขตตลิ่งชัน,bangkok-taling-chan,พุทธมณฑลสาย 1,พุทธมณฑลสาย 1,สายใต้เซ็นเตอร์,10,30,60.5
2024-05-21,,เขตหลักสี่,bangkok-lak-si,งามวงศ์วาน,งามวงศ์วาน,แยกพงษ์เพชร,15,30,44
2024-05-21,,เขตจตุจักร,bangkok-chatuchak,เทศบาลสงเคราะห์,เทศบาลสงเคราะห์,ตลาดประชานิเวศน์,3,30,44
2024-05-21,,เขตวัฒนา,bangkok-watthana,สุขุมวิท,สุขุมวิท,ซอยพร้อมมิตร-ซอยพร้อมใจ,20,65,60
2024-05-21,,เขตบางนา,bangkok-bang-na,สุขุมวิท101/1,สุขุมวิท 101/1,ซอยสุขุมวิท101/1,15,175,78
2024-05-21,,เขตบางนา,bangkok-bang-na,สุขุมวิท,สุขุมวิท,แยกบางนา,15,35,78
2024-05-21,,เขตคลองเตย,bangkok-khlong-toei,สุนทรโกษา,สุนทรโกษา,แยก ณ ระนอง,20,90,60
2024-05-21,,เขตคลองเตย,bangkok-khlong-toei,สุขุมวิท,สุขุมวิท,สุขุมวิท26,20,105,60
2024-05-21,,เขตพระโขนง,bangkok-phra-khanong,สุขุมวิท,สุขุมวิท,ซอยสุขุมวิท 62,20,150,73.5
2024-05-23,,เขตบางนา,bangkok-bang-na,สุขุมวิท101/1,สุขุมวิท 101/1,สุขุมวิท101/1หน้าตลาด,20,300,44.5
2024-05-23,,เขตประเวศ,bangkok-prawet,เฉลิมพระเกียรติ ร.๙,เฉลิมพระเกียรติ ร.๙,ศูนย์กีฬาหนองบอน(ซอย43)-ซอย45,15,60,39
2024-05-23,,เขตบางนา,bangkok-bang-na,สุขุมวิท,สุขุมวิท,แยกบางนา,20,287,44.5
2024-05-30,,เขตบางเขน,bangkok-bang-khen,แจ้งวัฒนะ,แจ้งวัฒนะ,ซอย 2 ขาเข้าวงเวียน,10,335,50
2024-05-30,,เขตหลักสี่,bangkok-lak-si,แจ้งวัฒนะ,แจ้งวัฒนะ,หน้าปั้ม ปตท. - ปากซอยแจ้งวัฒนะ 10,10,55,76.5
2024-05-30,,เขตสายไหม,bangkok-sai-mai,พหลโยธิน,พหลโยธิน,ซอยพหลโยธิน 60/1,10,30,62.5
2024-05-30,,เขตคลองเตย,bangkok-khlong-toei,พระราม 4,พระราม 4,แยก รพ.กล้วยน้ำไท - แยกพระโขนง,20,120,98
2024-05-30,,เขตคลองเตย,bangkok-khlong-toei,สุนทรโกษา,สุนทรโกษา,แยก ณ ระนอง,20,100,98
2024-05-30,,เขตวัฒนา,bangkok-watthana,สุขุมวิท 71,สุขุมวิท 71,ซอยปรีดีพนมยงค์ 20,15,50,86
2024-05-30,,เขตสาทร,bangkok-sathorn,นางลิ้นจี่,นางลิ้นจี่,แยกเทคนิค - ถนนจันทน์,15,20,40.5
2024-05-30,,เขตคลองเตย,bangkok-khlong-toei,พระราม 4,พระราม 4,สุขุมวิท26 - ซอยแสนสบาย,15,10,98
2024-05-30,,เขตลาดกระบัง,bangkok-lat-krabang,ลาดกระบัง,ลาดกระบัง,ลาดกระบัง 30/4,10,430,68.5
2024-05-30,,เขตคลองเตย,bangkok-khlong-toei,สุขุมวิท,สุขุมวิท,ภายในซอยสุขุมวิท 26,15,30,98
2024-05-30,,เขตวัฒนา,bangkok-watthana,สุขุมวิท,สุขุมวิท,ซอยสุขุมวิท 59 - 69,5,85,86
2024-05-30,,เขตหลักสี่,bangkok-lak-si,แจ้งวัฒนะ,แจ้งวัฒนะ,หน้าศาลปกคลองกลาง,15,30,76.5
2024-05-30,,เขตบางเขน,bangkok-bang-khen,ลาดปลาเค้า,ลาดปลาเค้า,เดอะแจส รามอินทรา,10,261,54.5
2024-06-17,,เขตลาดกระบัง,bangkok-lat-krabang,หลวงแพ่ง,หลวงแพ่ง,หน้าโลตัสหลวงแพ่ง,,190,105
2024-06-17,,เขตลาดกระบัง,bangkok-lat-krabang,ลาดกระบัง,ลาดกระบัง,ลาดกระบัง 30/1,15,420,105
2024-06-19,,เขตลาดกระบัง,bangkok-lat-krabang,หลวงแพ่ง,หลวงแพ่ง,หน้าห้างโลตัส,15,195,35.5
2024-06-19,,เขตลาดกระบัง,bangkok-lat-krabang,หลวงแพ่ง,หลวงแพ่ง,หน้าสนามกอล์ฟ,20,,35.5
2024-06-20,,เขตหลักสี่,bangkok-lak-si,แจ้งวัฒนะ,แจ้งวัฒนะ,หน้าโลตัสหลักสี่,10,25,41
2024-06-25,,เขตสายไหม,bangkok-sai-mai,พหลโยธิน,พหลโยธิน,ซอยพหลโยธิน 60/1,20,60,75.5
2024-06-26,,เขตหลักสี่,bangkok-lak-si,แจ้งวัฒนะ,แจ้งวัฒนะ,หน้าห้างโลตัส,10,55,54.5
2024-06-26,,เขตสวนหลวง,bangkok-suan-luang,ถาวรธวัช,ถาวรธวัช,อุโมงค์ลอดทางแยกพระราม 9,10,130,
2024-06-26,,เขตหลักสี่,bangkok-lak-si,วิภาวดีรังสิต,วิภาวดีรังสิต,แยกหลักสี่หน้าปั้ม ปตท.,20,100,54.5
2024-06-30,,เขตพญาไท,bangkok-phaya-thai,พหลโยธิน,พหลโยธิน,ปากซอยสายลม-ซอยอารีย์,15,40,52.5
2024-06-30,,เขตจตุจักร,bangkok-chatuchak,รัชดาภิเษก,รัชดาภิเษก,ซอยรัชดาภิเษก32-หน้าธนาคารกรุงเทพ,15,70,60.5
2024-06-30,,เขตดินแดง,bangkok-din-daeng,ประชาสงเคราะห์,ประชาสงเคราะห์,หน้าตลาดห้วยขวาง,20,20,38.5
2024-06-30,,เขตดินแดง,bangkok-din-daeng,ประชาสุข,ประชาสุข,ซอยอินทามระ45-53,15,105,38.5
2024-06-30,,เขตดินแดง,bangkok-din-daeng,ประชาสงเคราะห์,ประชาสงเคราะห์,หน้าธนาคารกรุงเทพ-วัดหลวงพ่อเณร,10,90,38.5
2024-06-30,,เขตจตุจักร,bangkok-chatuchak,รัชดาภิเษก,รัชดาภิเษก,ซอยรัชดาภิเษก42-ม.ราชภัฎจันทรเกษม,15,145,60.5
2024-07-04,,เขตบางนา,bangkok-bang-na,สุขุมวิท,สุขุมวิท,BTS แบริ่ง,15,35,57.5
2024-07-04,,เขตพระโขนง,bangkok-phra-khanong,สุขุมวิท 101/1,สุขุมวิท 101/1,วชิรธรรมสาธิต32,10,105,57.5
2024-07-04,,เขตสายไหม,bangkok-sai-mai,พหลโยธิน,พหลโยธิน,ซอยพหลโยธิน60/1,20,50,71.5
2024-07-12,,เขตดอนเมือง,bangkok-don-mueang,ช่างอากาศอุทิศ,ช่างอากาศอุทิศ,เขตดอนเมือง-สะพานช่างอากาศอุทิศ,10,900,25.5
2024-07-27,,เขตบางรัก,bangkok-bang-rak,สุรศักดิ์,สุรศักดิ์,ช่วงลงทางด่วน,20,35,39
2024-07-27,,เขตวัฒนา,bangkok-watthana,สุขุมวิท 39,สุขุมวิท 39,สุขุมวิท 39 ปากซอยพร้อมศรี 1,15,85,28
2024-07-27,,เขตคลองเตย,bangkok-khlong-toei,สุขุมวิท,สุขุมวิท,หน้าโรงแรมโฟว์วิงส์ สุขุมวิท 26 - ถ.พระราม 4,15,100,45
2024-07-27,,เขตสาทร,bangkok-sathorn,สวนพลู,สวนพลู,ตลาดสวนพลู ซอย 6-10,15,70,53.5
2024-07-29,,เขตหลักสี่,bangkok-lak-si,แจ้งวัฒนะ,แจ้งวัฒนะ,หน้าโลตัส,10,70,73.5
2024-07-29,,เขตหลักสี่,bangkok-lak-si,แจ้งวัฒนะ,แจ้งวัฒนะ,หน้าศาลปกครองกลาง,15,55,73.5
2024-07-29,,เขตหลักสี่,bangkok-lak-si,แจ้งวัฒนะ,แจ้งวัฒนะ,หน้ากรมทหาร,15,40,73.5
2024-07-29,,เขตสายไหม,bangkok-sai-mai,พหลโยธิน,พหลโยธิน,ซอยพหลโยธิน 60/1,15,60,59.5
2024-07-29,,เขตจตุจักร,bangkok-chatuchak,พหลโยธิน,พหลโยธิน,แยกเกษตร,15,25,55
2024-07-29,,เขตบางซื่อ,bangkok-bang-sue,ประชาราษฎร์2,ประชาราษฎร์ 2,แยกเตาปูน,10,10,54
2024-08-03,,เขตบางบอน,bangkok-bang-bon,เอกชัย,เอกชัย,หน้าห้องบิ๊กซี,10,45,70.5
2024-08-03,,เขตสายไหม,bangkok-sai-mai,สายไหม,สายไหม,ช่วงซอยสายไหม 71 - 73,15,280,42.5
2024-08-03,,เขตบางแค,bangkok-bang-khae,เพชรเกษม,เพชรเกษม,ช่วงปากซอยเพชรเกษม 47,20,105,72
2024-08-03,,เขตบางแค,bangkok-bang-khae,หมู่บ้านเศรษฐกิจ,หมู่บ้านเศรษฐกิจ,หมู่บ้านเศรษฐกิจ ซอย 3 - 5,20,35,72
2024-08-03,,เขตบางแค,bangkok-bang-khae,เพชรเกษม,เพชรเกษม,ปากซอยอินทปัจ13 ช่วงถนนเพชรเกษม 63,30,193,72
2024-08-06,,เขตดินแดง,bangkok-din-daeng,รัชดาภิเษก,รัชดาภิเษก,ถ.รัชดาฯ (เทียมร่วมมิตร),15,100,90.5
2024-08-06,,เขตจตุจักร,bangkok-chatuchak,เสนานิคม 1 ซอย 1,เสนานิคม 1 ซอย 1,ซ.เสนานิคม,40,200,90.5
2024-08-06,,เขตจตุจักร,bangkok-chatuchak,พหลโยธิน,พหลโยธิน,แยกเกษตร,15,90,69.5
2024-08-06,,เขตจตุจักร,bangkok-chatuchak,รัชดาภิเษก,รัชดาภิเษก,หน้าธนาคารกรุงเทพ,20,240,90.5
2024-08-06,,เขตราชเทวี,bangkok-ratchathewi,พญาไท,พญาไท,หน้ากรมปศุสัตว์,15,45,51.5
2024-08-06,,เขตวัฒนา,bangkok-watthana,สุขุมวิท 71,สุขุมวิท 71,กลางซอยถนนสุขุมวิท 71,20,45,51
2024-08-06,,เขตบึงกุ่ม,bangkok-bung-kum,นวมินทร์,นวมินทร์,หน้าสันติอโศก,20,50,35.5
2024-08-06,,เขตบางนา,bangkok-bang-na,สุขุมวิท,สุขุมวิท,แยกแบริ่ง,15,25,53.5
2024-08-06,,เขตจตุจักร,bangkok-chatuchak,กำแพงเพชร 2,กำแพงเพชร 2,หน้าหมอชิตใหม่,10,55,69.5
2024-08-06,,เขตคลองเตย,bangkok-khlong-toei,สุขุมวิท,สุขุมวิท,ภายในซอยสุขุมวิท 42,15,30,60
2024-08-06,,เขตวัฒนา,bangkok-watthana,สุขุมวิท 21(อโศก),สุขุมวิท 21(อโศก),ซอยชิโนไทย,10,20,28.5
2024-08-06,,เขตวัฒนา,bangkok-watthana,สุขุมวิท,สุขุมวิท,ภายในซอยสุขุมวิท 39,20,40,28.5
2024-08-06,,เขตคลองเตย,bangkok-khlong-toei,พระราม 4,พระราม 4,รพ.กล้วยน้ำไท - ถ.สุขุมวิท,15,60,60
2024-08-06,,เขตจตุจักร,bangkok-chatuchak,งามวงศ์วาน,งามวงศ์วาน,ถนนวิภาวดี - ถนนพหลโยธิน,15,40,69.5
2024-08-06,,เขตบึงกุ่ม,bangkok-bung-kum,นวมินทร์,นวมินทร์,ซอยนวมินทร์ 135,15,80,35.5
2024-08-06,,เขตประเวศ,bangkok-prawet,เฉลิมพระเกียรติ ร.๙,เฉลิมพระเกียรติ ร.๙,แยกศรีอุดม,15,80,76
2024-08-06,,เขตบางเขน,bangkok-bang-khen,ลาดปลาเค้า,ลาดปลาเค้า,รามอินทรา กม 2 - ลาดปลาเค้า 66,15,180,53.5
2024-08-14,,เขตมีนบุรี,bangkok-min-buri,สุวินทวงศ์,สุวินทวงศ์,ช่วงแยกไปรษณีย์,15,30,76.5
2024-08-19,,เขตสวนหลวง,bangkok-suan-luang,พัฒนาการ,พัฒนาการ,แยกศรีนครินทร์ (ขาเข้า),20,390,85
2024-08-19,,เขตสวนหลวง,bangkok-suan-luang,พัฒนาการ,พัฒนาการ,แยกศรีนครินทร์ ขาออก,20,315,85
2024-08-20,,เขตวัฒนา,bangkok-watthana,สุขุมวิท 71,สุขุมวิท 71,ซอยปรีดีพนมยงค์ 20,20,65,45
2024-08-20,,เขตบึงกุ่ม,bangkok-bung-kum,นวมินทร์,นวมินทร์,ถ.นวมินทร์ (สันติอโศก),15,245,74.5
2024-08-20,,เขตราชเทวี,bangkok-ratchathewi,เพชรบุรี,เพชรบุรี,ถ.บรรทัดทอง,15,40,51.5
2024-08-20,,เขตราชเทวี,bangkok-ratchathewi,ศรีอยุธยา,ศรีอยุธยา,หน้าโรงเรียนศรีอยุธยา,15,35,51.5
2024-08-20,,เขตดินแดง,bangkok-din-daeng,ประชาสุข,ประชาสุข,ซอยอินทามระ45-57,15,90,49
2024-08-20,,เขตจตุจักร,bangkok-chatuchak,เสนานิคม,เสนานิคม,ซอยเสนานิคม,15,30,72
2024-08-20,,เขตจตุจักร,bangkok-chatuchak,พหลโยธิน,พหลโยธิน,แยกเกษตร (ฝั่งขาเข้า),15,10,72
2024-08-20,,เขตดินแดง,bangkok-din-daeng,รัชดาภิเษก,รัชดาภิเษก,แยกเทียมร่วมมิตร,15,25,49
2024-08-20,,เขตจตุจักร,bangkok-chatuchak,รัชดาภิเษก,รัชดาภิเษก,ตรงข้าม สน.พหลโยธิน,10,80,72
2024-08-20,,เขตจตุจักร,bangkok-chatuchak,รัชดาภิเษก,รัชดาภิเษก,หน้า ม.ราชภัฎจันทรเกษม -ซอยรัชดาภิเษก 32,15,60,72
2024-08-20,,เขตบึงกุ่ม,bangkok-bung-kum,นวมินทร์,นวมินทร์,ซอยนวมินทร์ 135,25,215,74.5
2024-08-20,,เขตบึงกุ่ม,bangkok-bung-kum,นวมินทร์,นวมินทร์,ซอยนวมินทร์ 36-58,25,235,74.5
2024-08-20,,เขตจตุจักร,bangkok-chatuchak,พหลโยธิน,พหลโยธิน,ใต้ BTS มหาวิทยาลัยเกษตรศาสตร์,10,30,27.5
2024-08-27,,เขตราชเทวี,bangkok-ratchathewi,บรรทัดทอง,บรรทัดทอง,ถ.เพชรบุรี,15,55,52.5
2024-08-27,,เขตวัฒนา,bangkok-watthana,สุขุมวิท,สุขุมวิท,ซอยปรีดีพนมยงค์ 20,20,35,48.5
2024-08-27,,เขตราชเทวี,bangkok-ratchathewi,ศรีอยุธยา,ศรีอยุธยา,หน้าโรงเรียนศรีอยุธยา,15,20,52.5
2024-08-27,,เขตวัฒนา,bangkok-watthana,สุขุมวิท,สุขุมวิท,สุขุมวิท 39,15,35,48.5
2024-09-03,,เขตวัฒนา,bangkok-watthana,สุขุมวิท 71,สุขุมวิท 71,ปากซอยปรีดีพนมยงค์ 20-25,15,50,32
2024-09-12,,เขตสายไหม,bangkok-sai-mai,พหลโยธิน,พหลโยธิน,ถ.พหลโยธิน ช่วงซอยพหลโยธิน 60/1,25,40,52
2024-09-12,,เขตสายไหม,bangkok-sai-mai,พหลโยธิน,พหลโยธิน,แยก คปอ.,15,40,52
2024-09-14,,เขตหลักสี่,bangkok-lak-si,แจ้งวัฒนะ,แจ้งวัฒนะ,ถนนแจ้งวัฒนะ (ศาลปกครองกลาง),15,45,74.5
2024-09-14,,เขตหลักสี่,bangkok-lak-si,แจ้งวัฒนะ,แจ้งวัฒนะ,หน้าโลตัส,10,55,74.5
2024-09-14,,เขตบางเขน,bangkok-bang-khen,พหลโยธิน,พหลโยธิน,วงเวียนบางเขน ช่วงหน้า สน.,10,30,43
2024-09-14,,เขตบึงกุ่ม,bangkok-bung-kum,นวมินทร์,นวมินทร์,สันติอโศก,10,5,23.5
2024-09-18,,เขตหลักสี่,bangkok-lak-si,แจ้งวัฒนะ,แจ้งวัฒนะ,หน้าโลตัส,10,25,47
2024-09-18,,เขตหลักสี่,bangkok-lak-si,งามวงศ์วาน,งามวงศ์วาน,แยกพงษ์เพชร,10,35,47
2024-09-20,,เขตสายไหม,bangkok-sai-mai,พหลโยธิน,พหลโยธิน,ช่วงซอยพหลโยธิน 60/1,40,105,93
2024-09-20,,เขตสายไหม,bangkok-sai-mai,พหลโยธิน,พหลโยธิน,ขาเข้าจากแยกลำลูกกา ถึง ซอยพหลโยธิน 64,15,40,93
2024-09-20,,เขตสายไหม,bangkok-sai-mai,พหลโยธิน,พหลโยธิน,แยก คปอ.,15,75,93
2024-09-20,,เขตสายไหม,bangkok-sai-mai,พหลโยธิน,พหลโยธิน,ขาออก ช่วงซอยพหลโยธิน 77,20,75,93
2024-09-21,,เขตหลักสี่,bangkok-lak-si,แจ้งวัฒนะ,แจ้งวัฒนะ,หน้าศาลปกคลองกลาง,20,120,74
2024-09-21,,เขตหลักสี่,bangkok-lak-si,แจ้งวัฒนะ,แจ้งวัฒนะ,ถนน แจ้งวัฒนะ ขาเข้า หน้าโลตัส,20,90,74
2024-09-21,,เขตหลักสี่,bangkok-lak-si,แจ้งวัฒนะ,แจ้งวัฒนะ,ถนน แจ้งวัฒนะ ขาออก (มทบ.11),20,85,74
2024-09-21,,เขตสายไหม,bangkok-sai-mai,พหลโยธิน,พหลโยธิน,ปากซอยพหลโยธิน 60/1,20,60,83.5
2024-09-21,,เขตหลักสี่,bangkok-lak-si,แจ้งวัฒนะ,แจ้งวัฒนะ,ปากซอยแจ้งวัฒนะ10,20,205,56
2024-09-21,,เขตสายไหม,bangkok-sai-mai,สายไหม,สายไหม,แยก ถ. สายไหม ตัด ถ.หทัยราษฎร์,20,350,83.5
2024-09-24,,เขตดินแดง,bangkok-din-daeng,ดินแดง,ดินแดง,อุโมงค์ทางลอดทางแยกดินแดง,15,350,26
2024-09-24,,เขตวังทองหลาง,bangkok-wang-thonglang,รามคำแหง,รามคำแหง,รามคำแหง 21,15,20,35.5
2024-10-02,,เขตดินแดง,bangkok-din-daeng,ประชาสงเคราะห์,ประชาสงเคราะห์,หน้าตลาดห้วยขวาง-รร.พร้อมพรรณ,20,245,86.5
2024-10-02,,เขตดินแดง,bangkok-din-daeng,รัชดาภิเษก,รัชดาภิเษก,แยกเทียมร่วมมิตร,15,80,86.5
2024-10-02,,เขตสาทร,bangkok-sathorn,สวนพลู,สวนพลู,ตลาดสวนพลู,15,80,25.5
2024-10-02,,เขตดินแดง,bangkok-din-daeng,ประชาสุข,ประชาสุข,ตลอดสาย,45,155,86.5
2024-10-02,,เขตห้วยขวาง,bangkok-huai-khwang,เพชรบุรี,เพชรบุรี,สิงห์คอมเพล็ก,15,35,71
2024-10-02,,เขตราชเทวี,bangkok-ratchathewi,เพชรบุรี,เพชรบุรี,แยกมิตรสัมพันธ์,10,10,60.5
2024-10-02,,เขตคลองเตย,bangkok-khlong-toei,สุขุมวิท 21(อโศก),สุขุมวิท 21(อโศก),ปากซอยชิโน - ไปรษณีย์,15,30,40
2024-10-03,,เขตหลักสี่,bangkok-lak-si,แจ้งวัฒนะ,แจ้งวัฒนะ,ถ.แจ้งวัฒนะขาเข้า (โลตัส),15,80,61.5
2024-10-03,,เขตหลักสี่,bangkok-lak-si,แจ้งวัฒนะ,แจ้งวัฒนะ,ถ.แจ้งวัฒนะ หน้าศาลปกครองกลาง,15,50,61.5
2024-10-03,,เขตหลักสี่,bangkok-lak-si,แจ้งวัฒนะ,แจ้งวัฒนะ,หน้าปากซอยแจ้งวัฒนะ ซอย 10,15,130,61.5
2024-10-03,,เขตหลักสี่,bangkok-lak-si,แจ้งวัฒนะ,แจ้งวัฒนะ,ขาออก หน้ามทบ.11,15,20,61.5
2024-10-06,,เขตจอมทอง,bangkok-chom-thong,จอมทอง,จอมทอง,แยกจอมทอง,15,35,55.5
2024-10-06,,เขตบางบอน,bangkok-bang-bon,เอกชัย,เอกชัย,ห้าง BigC,15,25,40.5
2024-10-10,,เขตบางพลัด,bangkok-bang-phlat,จรัญสนิทวงศ์,จรัญสนิทวงศ์,อุโมงค์ทางลอดทางแยกบางพลัด,10,30,58.5
2024-10-10,,เขตจตุจักร,bangkok-chatuchak,พหลโยธิน,พหลโยธิน,หน้าห้างเซ็นทรัล ลาดพร้าว ฝั่งขาออก,10,75,38
2024-10-10,,เขตจตุจักร,bangkok-chatuchak,พหลโยธิน,พหลโยธิน,หน้าห้างเซ็นทรัล ลาดพร้าว ฝั่งขาเข้า,10,75,38
2024-10-10,,เขตบางแค,bangkok-bang-khae,เพชรเกษม,เพชรเกษม,แยกวงแหวนกาญจนาภิเษก,15,55,76
2024-10-10,,เขตบางแค,bangkok-bang-khae,หมู่บ้านเศรษฐกิจ,หมู่บ้านเศรษฐกิจ,วงเวียนอู่ทอง,20,120,58.5
2024-10-10,,เขตบางซื่อ,bangkok-bang-sue,ประชาราษฎร์2,ประชาราษฎร์ 2,แยกเตาปูน,10,75,67
2024-10-13,,เขตสาทร,bangkok-sathorn,สาธุประดิษฐ์,สาธุประดิษฐ์,ถ.จันทน์ - ปากซอยสาธุประดิษฐ์ 18,20,105,53
2024-10-13,,เขตสาทร,bangkok-sathorn,จันทน์,จันทน์,เซนต์หลุย 3,15,50,53
2024-10-13,,เขตสาทร,bangkok-sathorn,สวนพลู,สวนพลู,ตลาดสวนพลู,15,60,53
2024-10-13,,เขตบางรัก,bangkok-bang-rak,สุรวงศ์,สุรวงศ์,ช่วงใต้ทางด่วนสุรวงศ์,20,45,72.5
2024-10-13,,เขตวัฒนา,bangkok-watthana,สุขุมวิท,สุขุมวิท,ซอย 3 ถึง ซอย 19,15,35,41.5
2024-10-13,,เขตยานนาวา,bangkok-yannawa,นางลิ้นจี่,นางลิ้นจี่,ซอย2 -แยกเทคนิค,10,50,53.5
2024-10-13,,เขตปทุมวัน,bangkok-pathum-wan,เพลินจิต,เพลินจิต,หน้าโรงเรียนมาแตเดอี,10,84,43
2024-10-13,,เขตปทุมวัน,bangkok-pathum-wan,เพลินจิต,เพลินจิต,ร่วมฤดี - แยกเพลินจิต,10,84,43
2024-10-13,,เขตปทุมวัน,bangkok-pathum-wan,เพลินจิต,เพลินจิต,ซอยต้นสน - หลังสวน,10,90,43
2024-10-16,,เขตบางบอน,bangkok-bang-bon,เอกชัย,เอกชัย,หน้าห้างบิ๊กซี,10,40,46
2024-10-18,,เขตจอมทอง,bangkok-chom-thong,จอมทอง,จอมทอง,แยกจอมทอง,15,85,71
2024-10-18,,เขตสวนหลวง,bangkok-suan-luang,พัฒนาการ,พัฒนาการ,แยกพัฒนาการ - ปากซอยพัฒนาการ 46,20,115,70
2024-10-18,,เขตบึงกุ่ม,bangkok-bung-kum,นวมินทร์,นวมินทร์,สันติอโศก,15,60,46
2024-10-18,,เขตสายไหม,bangkok-sai-mai,พหลโยธิน,พหลโยธิน,ซอยพหลโยธิน 60/1,15,20,41.5
2024-10-20,,เขตหลักสี่,bangkok-lak-si,แจ้งวัฒนะ,แจ้งวัฒนะ,หน้าศาลปกครองกลาง,15,45,34.5
2024-10-22,,เขตสัมพันธวงศ์,bangkok-samphanthawong,เยาวราช,เยาวราช,แยกราชวงศ์,15,60,45.5
2024-10-22,,เขตบางกอกน้อย,bangkok-noi,อิสรภาพ,อิสรภาพ,แยกพรานนก,15,60,69
2024-10-23,,เขตสายไหม,bangkok-sai-mai,พหลโยธิน,พหลโยธิน,ปากซอยพหลโยธิน 60/1,30,50,28.5
2024-10-23,,เขตดอนเมือง,bangkok-don-mueang,พหลโยธิน,พหลโยธิน,แยกคปอ.(ฝั่งขาออก),15,90,35.5
2024-10-24,,เขตวัฒนา,bangkok-watthana,สุขุมวิท 39,สุขุมวิท 39,ซอย สุขุมวิท 39,20,150,50.5
2024-10-24,,เขตสวนหลวง,bangkok-suan-luang,พัฒนาการ,พัฒนาการ,หน้าธนาคารกรุงไทย,20,85,65.5
2024-10-24,,เขตวัฒนา,bangkok-watthana,สุขุมวิท 71,สุขุมวิท 71,ซอยปรีดีพนมยงค์ 20,15,105,50.5
2024-10-24,,เขตคลองเตย,bangkok-khlong-toei,สุนทรโกษา,สุนทรโกษา,แยก ณ ระนอง,15,85,65.5
2024-10-24,,เขตวัฒนา,bangkok-watthana,สุขุมวิท 21(อโศก),สุขุมวิท 21(อโศก),ซอยชิโนไทย,15,65,50.5
2024-10-24,,เขตวัฒนา,bangkok-watthana,สุขุมวิท,สุขุมวิท,ซอยสุขุมวิท 23,15,65,50.5
2024-10-24,,เขตคลองเตย,bangkok-khlong-toei,พระราม 4,พระราม 4,แยกเกษมราษฎร์ - ซอยแสนสุข,20,45,65.5
2024-10-24,,เขตคลองเตย,bangkok-khlong-toei,พระรามที่4,พระราม 4,ซอยสุขุมวิท 22 (ด้านถนนพระราม 4),15,60,65.5
2024-10-24,,เขตคลองเตย,bangkok-khlong-toei,สุขุมวิท26,สุขุมวิท 26,ซอยสุขุมวิท 26,20,45,65.5
2024-10-29,,เขตบางรัก,bangkok-bang-rak,สุรวงศ์,สุรวงศ์,ใต้ทางด่วน,15,100,79.5
2024-10-29,,เขตสัมพันธวงศ์,bangkok-samphanthawong,เยาวราช,เยาวราช,แยกราชวงศ์,10,100,81.5
2024-10-29,,เขตดินแดง,bangkok-din-daeng,รัชดาภิเษก,รัชดาภิเษก,เทียมร่วมมิตร,10,70,38
2024-10-29,,เขตสัมพันธวงศ์,bangkok-samphanthawong,เจริญกรุง,เจริญกรุง,แยกแปลงนาม,10,40,81.5
2024-10-29,,เขตราชเทวี,bangkok-ratchathewi,บรรทัดทอง,บรรทัดทอง,แยกเพชรพระราม,10,65,76
2024-10-29,,เขตราชเทวี,bangkok-ratchathewi,นิคมมักกะสัน,นิคมมักกะสัน,แยกราชปรารภ,30,90,76
2024-10-29,,เขตดินแดง,bangkok-din-daeng,ประชาสงเคราะห์,ประชาสงเคราะห์,หอนาฬิกา - ธนาคารกรุงไทย,15,50,38
2024-10-29,,เขตดินแดง,bangkok-din-daeng,รัชดาภิเษก,รัชดาภิเษก,หน้าสถานฑูตจีน,20,75,38
2024-10-29,,เขตดินแดง,bangkok-din-daeng,ดินแดง,ดินแดง,หน้าโรงเรียนพิบูลย์,20,50,38
2024-10-29,,เขตคลองสาน,bangkok-khlong-san,ลาดหญ้า,ลาดหญ้า,หน้าโรบินสัน,15,105,76
2024-10-29,,เขตราชเทวี,bangkok-ratchathewi,ศรีอยุธยา,ศรีอยุธยา,หน้าวังสวนผักกาด,10,30,76
2024-10-29,,เขตห้วยขวาง,bangkok-huai-khwang,เพชรบุรี,เพชรบุรี,หน้าสิงห์คอมเพล็กซ์,15,160,76
2024-10-29,,เขตคลองเตย,bangkok-khlong-toei,สุขุมวิท,สุขุมวิท,โรงแรมโฟวิง - บิ๊กซี,20,100,60.5
2024-10-29,,เขตคลองเตย,bangkok-khlong-toei,พระราม 4,พระราม 4,แยกเกษมราษฎร์ - ซอยแสนสบาย,25,35,60.5
2024-10-29,,เขตบางนา,bangkok-bang-na,สุขุมวิท,สุขุมวิท,แยกแบริ่ง,20,80,74.5
2024-10-30,,เขตคลองเตย,bangkok-khlong-toei,สุนทรโกษา,สุนทรโกษา,แยกสุนทรโกษา,10,5,60.5
2024-10-30,,เขตบางคอแหลม,bangkok-bang-kho-laem,ตก,ตก,แยกถนนตก - รพ.เจริญกรุง,20,30,71.5
2024-11-17,,เขตสวนหลวง,bangkok-suan-luang,พัฒนาการ,พัฒนาการ,ถ.พัฒนาการ (แยกศรีนครินทร์),15,30,27.5
2024-11-17,,เขตพระโขนง,bangkok-phra-khanong,สุขุมวิท101/1,สุขุมวิท 101/1,ถนน สุขุมวิท 101/1,15,25,34
2024-11-17,,เขตราชเทวี,bangkok-ratchathewi,นิคมมักกะสัน,นิคมมักกะสัน,ถ.นิคมมักกะสัน (แยกราชปรารภ),15,20,22.5
2024-11-17,,เขตห้วยขวาง,bangkok-huai-khwang,เพชรบุรี,เพชรบุรี,ถ.เพชรบุรี (สิงห์คอมเพล็กซ์),15,20,16.5
2024-11-17,,เขตคลองเตย,bangkok-khlong-toei,พระราม 4,พระราม 4,ท้ายซอยสุขมวิท 26-36,15,45,32.5
2024-11-17,,เขตวัฒนา,bangkok-watthana,สุขุมวิท 39,สุขุมวิท 39,ภายในซอยสุขุมวิท 39,20,50,23
2024-11-17,,เขตสาทร,bangkok-sathorn,สาธุประดิษฐ์,สาธุประดิษฐ์,สาธุประดิษฐ์ ซอย2,15,20,14.5
2024-11-17,,เขตราชเทวี,bangkok-ratchathewi,ศรีอยุธยา,ศรีอยุธยา,หน้าโรงเรียนศรีอยุธยา,10,20,22.5
2024-11-17,,เขตราชเทวี,bangkok-ratchathewi,บรรทัดทอง,บรรทัดทอง,ช่วงตัดถนนเพชรบุรี,10,35,22.5
2024-11-17,,เขตคลองเตย,bangkok-khlong-toei,สุขุมวิท,สุขุมวิท,สุขุมวิท 22,10,100,32.5
2024-11-17,,เขตคลองเตย,bangkok-khlong-toei,สุขุมวิท,สุขุมวิท,สุขุมวิท 24,10,75,32.5
2025-02-18,,เขตสวนหลวง,bangkok-suan-luang,พัฒนาการ,พัฒนาการ,ช่วงธนาคารกรุงไทย,10,30,12.5
2025-02-18,,เขตห้วยขวาง,bangkok-huai-khwang,ประดิษฐ์มนูธรรม,ประดิษฐ์มนูธรรม,หน้าศูนย์แพทย์พัฒนา,10,65,16
2025-02-19,,เขตดุสิต,bangkok-dusit,ราชวิถี,ราชวิถี,เชิงสะพานกรุงธนบุรี,10,25,54.5
2025-04-07,,เขตห้วยขวาง,bangkok-huai-khwang,เพชรบุรี,เพชรบุรี,หน้าอาคารสิงห์คอมเพล็กซ์,20,105,40.5
2025-04-15,,เขตบึงกุ่ม,bangkok-bung-kum,นวมินทร์,นวมินทร์,สันติอโศก,15,45,42.5
2025-04-15,,เขตบางนา,bangkok-bang-na,สุขุมวิท,สุขุมวิท,แบริ่ง,15,40,22.5
2025-04-15,,เขตห้วยขวาง,bangkok-huai-khwang,เพชรบุรี,เพชรบุรี,สิงห์คอมเพล็ก,15,50,58.5
2025-04-15,,เขตห้วยขวาง,bangkok-huai-khwang,เพชรบุรี,เพชรบุรี,ถ.มิตรสัมพันธ์ - แยกอโศก,10,30,58.5
2025-04-15,,เขตดินแดง,bangkok-din-daeng,ดินแดง,ดินแดง,หน้าโรงเรียนพิบูลย์ฯ,15,40,63.5
2025-04-15,,เขตดินแดง,bangkok-din-daeng,ดินแดง,ดินแดง,ตรงข้ามโรงเรียนพิบูลย์ฯ,10,40,63.5
2025-04-15,,เขตดินแดง,bangkok-din-daeng,รัชดาภิเษก,รัชดาภิเษก,แยกเทียมร่วมมิตร,10,15,63.5
2025-04-19,,เขตหลักสี่,bangkok-lak-si,งามวงศ์วาน,งามวงศ์วาน,แยกพงษ์เพชร,15,30,21
2025-04-29,,เขตจตุจักร,bangkok-chatuchak,รัชดาภิเษก,รัชดาภิเษก,ถนน รัชดาภิเษก ช่วงหน้ามหาวิทยาลัยราชภัฏจันทรเกษม,15,100,31.5
2025-04-29,,เขตลาดพร้าว,bangkok-lat-phrao,โชคชัย 4,โชคชัย 4,ถนนโชคชัย4 ช่วงซ.โชคชัย40,15,65,32
2025-04-29,,เขตลาดพร้าว,bangkok-lat-phrao,สุคนธสวัสดิ์,สุคนธสวัสดิ์,ถ.สุคนธสวัสดิ์ ช่วงตรงข้าม ซ.สุคนธสวัสดิ์ 25/2,15,75,59.5
2025-04-29,,เขตจตุจักร,bangkok-chatuchak,พหลโยธิน,พหลโยธิน,ห้าแยกลาดพร้าว,15,35,59.5
2025-05-01,,เขตมีนบุรี,bangkok-min-buri,สุวินทวงศ์,สุวินทวงศ์,ช่วง ถ.หทัยราษฏร์,15,90,82
2025-05-01,,เขตวังทองหลาง,bangkok-wang-thonglang,ประดิษฐ์มนูธรรม,ประดิษฐ์มนูธรรม,ช่วงหน้าศูนย์แพทย์พัฒนา,15,80,68.5
2025-05-01,,เขตมีนบุรี,bangkok-min-buri,สีหบุรานุกิจ,สีหบุรานุกิจ,ช่วงซอยสีหบุรานุกิจ 14,10,45,82
2025-05-01,,เขตบึงกุ่ม,bangkok-bung-kum,ประเสริฐมนูกิจ,ประเสริฐมนูกิจ,ช่วงแยกถนนนวมินทร์,10,35,40.5
2025-05-01,,เขตดินแดง,bangkok-din-daeng,ประชาสุข,ประชาสุข,ช่วงซอยอินทามาระ45-53,15,110,50.5
2025-05-01,,เขตดินแดง,bangkok-din-daeng,ประชาสงเคราะห์,ประชาสงเคราะห์,ตลาดห้วยขวาง,15,55,50.5
2025-05-01,,เขตดินแดง,bangkok-din-daeng,รัชดาภิเษก,รัชดาภิเษก,แยกเทียมร่วมมิตร,15,25,50.5
2025-05-01,,เขตห้วยขวาง,bangkok-huai-khwang,เพชรบุรี,เพชรบุรี,สิงห์คอมเพล็ก,15,50,70.5
2025-05-01,,เขตสาทร,bangkok-sathorn,จันทน์,จันทน์,ช่วงซอย 28/2,15,50,65.5
2025-05-01,,เขตสาทร,bangkok-sathorn,สวนพลู,สวนพลู,ช่วงสวนพลูซอย 6,10,40,65.5
2025-05-01,,เขตคลองสาน,bangkok-khlong-san,ลาดหญ้า,ลาดหญ้า,วงเวียนใหญ่,10,55,62.5
2025-05-03,,เขตห้วยขวาง,bangkok-huai-khwang,เพชรบุรี,เพชรบุรี,หน้าโรงเรียนดอนบอสโก,10,15,21
2025-05-03,,เขตคลองเตย,bangkok-khlong-toei,สุนทรโกษา,สุนทรโกษา,แยก ณ ระนอง ฝั่งสนามกีฬา,15,35,33
2025-05-03,,เขตคลองเตย,bangkok-khlong-toei,สุนทรโกษา,สุนทรโกษา,ฝั่งหน้าตลาดคลองเตย,10,35,33
2025-05-04,,เขตบางกะปิ,bangkok-bang-kapi,หัวหมาก,หัวหมาก,ช่วง ซ.รามคำแหง 24 แยก 18,15,180,44.5
2025-05-04,,เขตบางกะปิ,bangkok-bang-kapi,รามคำแหง,รามคำแหง,ช่วง ซ.รามคำแหง 33,20,50,44.5
2025-05-10,,เขตคลองเตย,bangkok-khlong-toei,สุขุมวิท,สุขุมวิท,ซอยสุขุมวิท 26 ช่วงซอย อรรถกวี 3,20,170,93.5
2025-05-10,,เขตคลองเตย,bangkok-khlong-toei,สุขุมวิท26,สุขุมวิท 26,ช่วงถนนสุขุมวิท,15,200,93.5
2025-05-10,,เขตบางนา,bangkok-bang-na,สุขุมวิท,สุขุมวิท,ช่วงแบริ่ง,15,20,64.5
2025-05-10,,เขตวังทองหลาง,bangkok-wang-thonglang,รามคำแหง,รามคำแหง,ซอยรามคำแหง 65 (ซอยมหาดไทย),15,635,130
2025-05-10,,เขตบึงกุ่ม,bangkok-bung-kum,นวมินทร์,นวมินทร์,ช่วงซอยนวมินทร์ 155,15,200,81.5
2025-05-10,,เขตสวนหลวง,bangkok-suan-luang,พัฒนาการ,พัฒนาการ,ช่วงธนาคารกรุงไทย,20,100,130
2025-05-10,,เขตราชเทวี,bangkok-ratchathewi,พระรามที่ 6,พระราม 6,ช่วงพิพิธภัณฑ์กรมทางหลวง,20,165,84
2025-05-10,,เขตคลองเตย,bangkok-khlong-toei,สุขุมวิท,สุขุมวิท,ซอยสุขุมวิท 22,12,5,93.5
2025-05-10,,เขตคลองเตย,bangkok-khlong-toei,พระราม 4,พระราม 4,ช่วงกล้วยน้ำไทย,10,140,93.5
2025-05-10,,เขตพญาไท,bangkok-phaya-thai,ประดิพัทธ์,ประดิพัทธ์,ช่วงสะพานควาย,25,135,106.5
2025-05-10,,เขตหลักสี่,bangkok-lak-si,งามวงศ์วาน,งามวงศ์วาน,ซอยชินเขต,15,105,74.5
2025-05-10,,เขตพญาไท,bangkok-phaya-thai,พหลโยธิน,พหลโยธิน,ช่วงซอยสายลม,15,175,106.5
2025-05-10,,เขตหลักสี่,bangkok-lak-si,แจ้งวัฒนะ,แจ้งวัฒนะ,ช่วงโลตัส,15,45,74.5
2025-05-10,,เขตบางรัก,bangkok-bang-rak,สุรวงศ์,สุรวงศ์,ช่วงทางด่วน,15,165,65.5
2025-05-10,,เขตพญาไท,bangkok-phaya-thai,สุทธิสารวินิจฉัย,สุทธิสารวินิจฉัย,ถ.สุทธิสารวินิจฉัยซอย 19,10,35,106.5
2025-05-10,,เขตสวนหลวง,bangkok-suan-luang,พัฒนาการ,พัฒนาการ,แยกศรีนครินทร์,10,65,61
2025-05-10,,เขตปทุมวัน,bangkok-pathum-wan,ราชดำริ,ราชดำริ,หน้าโรงพยาบาลตำรวจ,15,155,80
2025-05-10,,เขตดินแดง,bangkok-din-daeng,ประชาสงเคราะห์,ประชาสงเคราะห์,ตลาดห้วยขวาง,25,190,88
2025-05-10,,เขตจตุจักร,bangkok-chatuchak,พหลโยธิน,พหลโยธิน,หน้ากรมขนส่งทางบก,20,165,86.5
2025-05-10,,เขตดินแดง,bangkok-din-daeng,รัชดาภิเษก,รัชดาภิเษก,ช่วงแยกเทียมร่วมมิตร,30,145,88
2025-05-10,,เขตบางบอน,bangkok-bang-bon,บางขุนเทียน,บางขุนเทียน,ช่วงตรงข้าม ซ.บางขุนเทียน 10,10,205,47
2025-05-10,,เขตบางเขน,bangkok-bang-khen,พหลโยธิน,พหลโยธิน,ซอยพหลโยธิน 55/1,10,5,67.5
2025-05-10,,เขตบางเขน,bangkok-bang-khen,รามอินทรา,รามอินทรา,ช่วงซอยรามอินทรา 5,20,155,67.5
2025-05-10,,เขตบางเขน,bangkok-bang-khen,พหลโยธิน,พหลโยธิน,ช่วงหน้ากรมทหารราบที่ 11,10,20,67.5
2025-05-10,,เขตบางเขน,bangkok-bang-khen,พหลโยธิน,พหลโยธิน,ช่วงหน้ากรมทหารราบที่ 11 ประตู 2,10,20,67.5
2025-05-10,,เขตบางเขน,bangkok-bang-khen,วัชรพล,วัชรพล,วัชรพล 8,10,30,67.5
2025-05-10,,เขตบางเขน,bangkok-bang-khen,แจ้งวัฒนะ,แจ้งวัฒนะ,ช่วงหน้ามหาวิทยาลัยราชภัฏพระนคร,20,125,67.5
2025-05-10,,เขตบึงกุ่ม,bangkok-bung-kum,นวมินทร์,นวมินทร์,ช่วงซอย 46 (สันติอโศก),30,340,81.5
2025-05-10,,เขตบึงกุ่ม,bangkok-bung-kum,นวมินทร์,นวมินทร์,ช่วงซอย 135,20,130,81.5
2025-05-10,,เขตบึงกุ่ม,bangkok-bung-kum,นวมินทร์,นวมินทร์,ช่วงซอย นวมินทร์ 105,15,95,81.5
2025-05-10,,เขตบึงกุ่ม,bangkok-bung-kum,ประเสริฐมนูกิจ,ประเสริฐมนูกิจ,ช่วงแยกถนนนวมินทร์,20,45,81.5
2025-05-10,,เขตบึงกุ่ม,bangkok-bung-kum,นวมินทร์,นวมินทร์,ช่วง ซอยนวมินทร์ 38,20,435,81.5
2025-05-10,,เขตบางกะปิ,bangkok-bang-kapi,ศรีนครินทร์,ศรีนครินทร์,หน้าบริษัทกรีนสปอร์ต,15,10,90.5
2025-05-10,,เขตบางกะปิ,bangkok-bang-kapi,นวมินทร์,นวมินทร์,ช่วงแยกบางกะปิ,20,265,90.5
2025-05-10,,เขตบางกะปิ,bangkok-bang-kapi,รามคำแหง,รามคำแหง,ช่วงตรงข้าม ซอยรามคำแหง 53,10,30,90.5
2025-05-10,,เขตบางกะปิ,bangkok-bang-kapi,รามคำแหง,รามคำแหง,ช่วงตรงข้ามซอยรามคำแหง 43,20,20,90.5
2025-05-10,,เขตบางกะปิ,bangkok-bang-kapi,รามคำแหง,รามคำแหง,ช่วงซอยรามคำแหง 20,20,420,90.5
2025-05-10,,เขตบางกะปิ,bangkok-bang-kapi,รามคำแหง,รามคำแหง,ช่วงซอยรามคำแหง 19/1,15,565,90.5
2025-05-10,,เขตบางกะปิ,bangkok-bang-kapi,รามคำแหง,รามคำแหง,ช่วงซอยรามคำแหง 33,20,360,90.5
2025-05-10,,เขตบางกะปิ,bangkok-bang-kapi,หัวหมาก,หัวหมาก,ช่วงซอยรามคำแหง 24 แยก 18,20,410,90.5
2025-05-10,,เขตบางกะปิ,bangkok-bang-kapi,นวมินทร์,นวมินทร์,ช่วงซอยตรงข้ามสถานีตำรวจนครบาลลาดพร้าว,10,25,90.5
2025-05-10,,เขตบางกะปิ,bangkok-bang-kapi,ศรีนครินทร์,ศรีนครินทร์,ช่วงแยกลำสาลี,10,55,90.5
2025-05-10,,เขตบางขุนเทียน,bangkok-bang-khun-thian,บางกระดี่,บางกระดี่,หน้าตลาดบางกระดี่,15,150,51
2025-05-10,,เขตบางรัก,bangkok-bang-rak,สุรศักดิ์,สุรศักดิ์,ช่วงทางด่วน,15,655,65.5
2025-05-10,,เขตจตุจักร,bangkok-chatuchak,รัชดาภิเษก,รัชดาภิเษก,ช่วงแยกลาดพร้าว (หน้าธนาคารกรุงเทพ),15,165,86.5
2025-05-10,,เขตสาทร,bangkok-sathorn,สวนพลู,สวนพลู,ถนนสวนพลูตลอดสาย,15,90,57.5
2025-05-10,,เขตจตุจักร,bangkok-chatuchak,พหลโยธิน,พหลโยธิน,ช่วงแยกเกษตร,30,55,86.5
2025-05-10,,เขตพระนคร,bangkok-phra-nakhon,สนามไชย,สนามไชย,ถนนสนามไชยตลอดสาย,15,45,99
2025-05-10,,เขตจตุจักร,bangkok-chatuchak,เทศบาลสงเคราะห์,เทศบาลสงเคราะห์,ช่วงตลาดประชานิเวศน์,30,135,86.5
2025-05-10,,เขตจตุจักร,bangkok-chatuchak,รัชดาภิเษก,รัชดาภิเษก,ช่วงหน้ามหาวิทยาลัยราชภัฎจันทร์เกษม,15,300,86.5
2025-05-10,,เขตจตุจักร,bangkok-chatuchak,พหลโยธิน,พหลโยธิน,ช่วงหน้ามหาวิทยาลัยเกษตรศาสตร์,15,65,86.5
2025-05-10,,เขตจตุจักร,bangkok-chatuchak,เสนานิคม 1 ซอย 1,เสนานิคม 1 ซอย 1,ซ. 15,10,60,86.5
2025-05-10,,เขตดินแดง,bangkok-din-daeng,ดินแดง,ดินแดง,ช่วงโรงเรียนพิบูลประชาสรรค์,10,210,88
2025-05-10,,เขตดินแดง,bangkok-din-daeng,ประชาสุข,ประชาสุข,ซอย อินทามระ 34,20,290,88
2025-05-10,,เขตดินแดง,bangkok-din-daeng,ประชาสงเคราะห์,ประชาสงเคราะห์,ซอยประชาสงเคราะห์ 9,20,190,88
2025-05-10,,เขตห้วยขวาง,bangkok-huai-khwang,เพชรบุรีตัดใหม่,เพชรบุรีตัดใหม่,ช่วงสิงห์คอมเพล็กซ์,15,200,91.5
2025-05-10,,เขตห้วยขวาง,bangkok-huai-khwang,ประชาอุทิศ,ประชาอุทิศ,ช่วงตรงข้ามสำนักงานเขตห้วยขวาง,20,495,91.5
2025-05-10,,เขตห้วยขวาง,bangkok-huai-khwang,ประชาราษฎร์บำเพ็ญ,ประชาราษฎร์บำเพ็ญ,ช่วงซอยประชาราษฏร์บำเพ็ญ 14,20,390,91.5
2025-05-10,,เขตห้วยขวาง,bangkok-huai-khwang,ประชาราษฎร์บำเพ็ญ,ประชาราษฎร์บำเพ็ญ,สี่แยกห้วยขวาง,15,190,91.5
2025-05-10,,เขตคันนายาว,bangkok-khan-na-yao,เสรีไทย,เสรีไทย,นิคมฯ บางชัน,10,45,81.5
2025-05-10,,เขตคลองสาน,bangkok-khlong-san,ลาดหญ้า,ลาดหญ้า,วงเวียนใหญ่,15,140,59
2025-05-10,,เขตคลองเตย,bangkok-khlong-toei,อาจณรงค์,อาจณรงค์,ช่วงสถานีตรวจสอบสินค้า 3 ท่าเรือ,10,280,93.5
2025-05-10,,เขตลาดกระบัง,bangkok-lat-krabang,ลาดกระบัง,ลาดกระบัง,ช่วงโลตัสลาดกระบัง,15,170,52
2025-05-10,,เขตลาดกระบัง,bangkok-lat-krabang,หลวงแพ่ง,หลวงแพ่ง,ช่วงมอเตอร์เวย์,20,285,52
2025-05-10,,เขตลาดพร้าว,bangkok-lat-phrao,สุคนธสวัสดิ์,สุคนธสวัสดิ์,ช่วง ซอยสุคนธสวัสดิ์ 15,10,65,95
2025-05-10,,เขตลาดพร้าว,bangkok-lat-phrao,สุคนธสวัสดิ์,สุคนธสวัสดิ์,ช่วงตรงข้าม ซอยสุคนธสวัสดิ์ 25/2,,640,95
2025-05-10,,เขตลาดพร้าว,bangkok-lat-phrao,นาคนิวาส,นาคนิวาส,ช่วงซอยนาคนิวาส 38,20,445,95
2025-05-10,,เขตลาดพร้าว,bangkok-lat-phrao,โชคชัย 4,โชคชัย 4,ช่วง ซ.โชคชัย 40,20,830,95
2025-05-10,,เขตลาดพร้าว,bangkok-lat-phrao,โชคชัย 4,โชคชัย 4,โชคชัย 4 ซอย 28,10,610,95
2025-05-10,,เขตลาดพร้าว,bangkok-lat-phrao,เสนานิคม 1 ซอย 1,เสนานิคม 1 ซอย 1,ช่วง ซอยเสนานิเวศน์ 112,15,610,95
2025-05-10,,เขตลาดพร้าว,bangkok-lat-phrao,ลาดพร้าววังหิน,ลาดพร้าววังหิน,ช่วงซอยลาดพร้าววังหิน 64,10,75,95
2025-05-10,,เขตวัฒนา,bangkok-watthana,สุขุมวิท 71,สุขุมวิท 71,ปรีดีย์พนมยงค์ 10-18,20,180,97
2025-05-10,,เขตลาดพร้าว,bangkok-lat-phrao,ลาดปลาเค้า,ลาดปลาเค้า,ซอยลาดปลาเค้า 30/2,10,25,95
2025-05-10,,เขตหลักสี่,bangkok-lak-si,งามวงศ์วาน,งามวงศ์วาน,แยกพงษ์เพชร,25,230,74.5
2025-05-10,,เขตหลักสี่,bangkok-lak-si,แจ้งวัฒนะ,แจ้งวัฒนะ,หน้าศาลปกครองกลาง,15,10,74.5
2025-05-10,,เขตหลักสี่,bangkok-lak-si,แจ้งวัฒนะ,แจ้งวัฒนะ,แจ้งวัฒนะขาออก (มทบ.11),15,25,74.5
2025-05-10,,เขตมีนบุรี,bangkok-min-buri,สุวินทวงศ์,สุวินทวงศ์,ช่วงถนนหทัยราษฎร์,10,255,96.5
2025-05-10,,เขตพระโขนง,bangkok-phra-khanong,สุขุมวิท101/1,สุขุมวิท 101/1,วชิรธรรมสาธิต ช่วง 3 แยกวัดทุ่ง,20,75,69
2025-05-10,,เขตป้อมปราบศัตรูพ่าย,bangkok-pom-prap-sattru-phai,หลานหลวง,หลานหลวง,หน้าธนาคารกรุงไทย,15,185,81
2025-05-10,,เขตปทุมวัน,bangkok-pathum-wan,พระราม1,พระราม 1,ช่วงสนามกีฬาแห่งชาติ,15,165,80
2025-05-10,,เขตประเวศ,bangkok-prawet,เฉลิมพระเกียรติ ร.๙,เฉลิมพระเกียรติ ร.๙,ซอย เฉลิมพระเกียรติ ร.9 ซอย 40,10,10,65.5
2025-05-10,,เขตประเวศ,bangkok-prawet,อ่อนนุช,อ่อนนุช,ช่วงซอยอ่อนนุช 59,20,30,65.5
2025-05-10,,เขตพญาไท,bangkok-phaya-thai,พหลโยธิน,พหลโยธิน,ช่วงหน้าสนามเป้า,15,105,106.5
2025-05-10,,เขตพญาไท,bangkok-phaya-thai,ย่านพหลโยธิน,ย่านพหลโยธิน,ช่วงซอยสะพานควาย,35,95,106.5
2025-05-10,,เขตพญาไท,bangkok-phaya-thai,พระรามที่ 6,พระราม 6,ช่วงทางด่วน,15,60,106.5
2025-05-10,,เขตวังทองหลาง,bangkok-wang-thonglang,ประดิษฐ์มนูธรรม,ประดิษฐ์มนูธรรม,ช่วงหน้าศูนย์แพทย์พัฒนา,20,150,130
2025-05-10,,เขตพญาไท,bangkok-phaya-thai,พหลโยธิน,พหลโยธิน,ช่วงบิ๊กซีสะพานควาย,15,25,106.5
2025-05-10,,เขตราชเทวี,bangkok-ratchathewi,เพชรบุรีตัดใหม่,เพชรบุรีตัดใหม่,แยกเพชรพระราม,15,5,84
2025-05-10,,เขตสาทร,bangkok-sathorn,สาทรใต้,สาทรใต้,ช่วง ซ.สาทร 3,10,5,57.5
2025-05-10,,เขตวังทองหลาง,bangkok-wang-thonglang,ลาดพร้าว,ลาดพร้าว,ช่วงตัดถนนประดิษฐ์มนูธรรม,20,15,130
2025-05-10,,เขตวังทองหลาง,bangkok-wang-thonglang,ลาดพร้าว,ลาดพร้าว,ช่วซอยลาดพร้าว 89,15,475,130
2025-05-10,,เขตวังทองหลาง,bangkok-wang-thonglang,ลาดพร้าว,ลาดพร้าว,ซอยลาดพร้าว 80 แยก 22,15,690,130
2025-05-10,,เขตวังทองหลาง,bangkok-wang-thonglang,ลาดพร้าว,ลาดพร้าว,ช่วงซอยลาดพร้าว 110,20,560,130
2025-05-10,,เขตวังทองหลาง,bangkok-wang-thonglang,ลาดพร้าว,ลาดพร้าว,ช่วงลาดพร้าว 89,20,475,130
2025-05-10,,เขตวัฒนา,bangkok-watthana,สุขุมวิท 21(อโศก),สุขุมวิท 21(อโศก),ช่วงตรงข้ามตึกแกรมมี่,15,20,97
2025-05-10,,เขตวัฒนา,bangkok-watthana,สุขุมวิท 39,สุขุมวิท 39,ช่วงซอยพร้อมมิตร,20,195,97
2025-05-10,,เขตบางเขน,bangkok-bang-khen,พหลโยธิน,พหลโยธิน,อุโมงค์ทหารราบ 11 (ขาเข้า),15,30,67.5
2025-05-10,,เขตห้วยขวาง,bangkok-huai-khwang,รัชดาภิเษก,รัชดาภิเษก,อุโมงค์ห้วยขวาง (ขาเข้า),10,140,91.5
2025-05-10,,เขตสวนหลวง,bangkok-suan-luang,พัฒนาการ,พัฒนาการ,อุโมงค์พัฒนาการ (ขาเข้า),10,10,61
2025-05-10,,เขตราชเทวี,bangkok-ratchathewi,พญาไท,พญาไท,ช่วงกรมปศุสัตว์,15,105,84
2025-05-10,,เขตราชเทวี,bangkok-ratchathewi,พระรามที่ 6,พระราม 6,ช่วงตลาดประแจจีน,15,65,84
2025-05-10,,เขตราชเทวี,bangkok-ratchathewi,ศรีอยุธยา,ศรีอยุธยา,ช่วงโรงเรียนสันติราษฏร์วิทยาลัย,20,65,84
2025-05-10,,เขตราชเทวี,bangkok-ratchathewi,นิคมมักกะสัน,นิคมมักกะสัน,แยกราชปรารภ,25,60,84
2025-05-10,,เขตราชเทวี,bangkok-ratchathewi,บรรทัดทอง,บรรทัดทอง,ช่วงถนนเพชรบุรี,20,100,84
2025-05-10,,เขตราชเทวี,bangkok-ratchathewi,ศรีอยุธยา,ศรีอยุธยา,ช่วงโรงเรียนศรีอยุธยา,15,10,84
2025-05-10,,เขตวังทองหลาง,bangkok-wang-thonglang,ลาดพร้าว,ลาดพร้าว,ลาดพร้าวซอย 64 ตลอดซอย,30,585,130
2025-05-10,,เขตจตุจักร,bangkok-chatuchak,พหลโยธิน,พหลโยธิน,ช่วงหน้าเซนทรัลลาดพร้าว,20,285,86.5
2025-05-10,,เขตจตุจักร,bangkok-chatuchak,รัชดาภิเษก,รัชดาภิเษก,หน้าศาลอาญา,15,330,86.5
2025-05-11,,เขตลาดกระบัง,bangkok-lat-krabang,หลวงแพ่ง,หลวงแพ่ง,ช่วงมอเตอร์เวย์,20,93,38
2025-05-11,,เขตประเวศ,bangkok-prawet,อ่อนนุช,อ่อนนุช,ช่วงอ่อนนุช 59,10,15,35
2025-05-12,,เขตดินแดง,bangkok-din-daeng,ประชาสุข,ประชาสุข,อินทามระ 45-53,10,75,36
2025-05-12,,เขตพญาไท,bangkok-phaya-thai,พหลโยธิน,พหลโยธิน,แยกสะพานควาย,10,25,40.5
2025-05-12,,เขตพญาไท,bangkok-phaya-thai,ประดิพัทธ์,ประดิพัทธ์,แยกสะพานควาย,10,15,40.5
2025-05-12,,เขตวังทองหลาง,bangkok-wang-thonglang,ลาดพร้าว,ลาดพร้าว,แยกประดิษฐ์มนูญธรรม - ตลาดโชคชัย 4,20,300,72.5
2025-05-12,,เขตห้วยขวาง,bangkok-huai-khwang,ประชาอุทิศ,ประชาอุทิศ,ตรงข้ามสำนักงานเขตห้วยขวาง,15,135,64
2025-05-12,,เขตห้วยขวาง,bangkok-huai-khwang,ประชาราษฎร์บำเพ็ญ,ประชาราษฎร์บำเพ็ญ,ช่วงซอยประชาราษฏร์บำเพ็ญ 14,15,110,64
2025-05-12,,เขตลาดกระบัง,bangkok-lat-krabang,หลวงแพ่ง,หลวงแพ่ง,โลตัสลาดกระบัง,10,30,69.5
2025-05-12,,เขตลาดกระบัง,bangkok-lat-krabang,ลาดกระบัง,ลาดกระบัง,แยกกิ่งแก้ว,15,770,69.5
2025-05-12,,เขตประเวศ,bangkok-prawet,เฉลิมพระเกียรติ ร.๙,เฉลิมพระเกียรติ ร.๙,ช่วงซอยเฉลิมพระเกียรติ ร.9 40,10,115,59
2025-05-12,,เขตพระโขนง,bangkok-phra-khanong,สุขุมวิท101/1,สุขุมวิท 101/1,ภายในซอยวัดทุ่ง,15,195,58
2025-05-12,,เขตวังทองหลาง,bangkok-wang-thonglang,ลาดพร้าว,ลาดพร้าว,ช่วงซอย ลาดพร้าว 110,15,35,72.5
2025-05-12,,เขตวัฒนา,bangkok-watthana,สุขุมวิท 71,สุขุมวิท 71,ปรีดีย์พนมยงค์ ซอย10 -20,20,35,75.5
2025-05-15,,เขตบางเขน,bangkok-bang-khen,แจ้งวัฒนะ,แจ้งวัฒนะ,หน้ามหาวิทยาลัยราชภัฎพระนคร,10,90,34
2025-05-15,,เขตสายไหม,bangkok-sai-mai,พหลโยธิน,พหลโยธิน,ช่วงซอยพหลโยธิน60/1,10,20,31
2025-05-15,,เขตดอนเมือง,bangkok-don-mueang,ช่างอากาศอุทิศ,ช่างอากาศอุทิศ,ปากซอยช่างอากาศอุทิศ7,15,70,27.5
2025-05-16,,เขตสาทร,bangkok-sathorn,สาธุประดิษฐ์,สาธุประดิษฐ์,โรงเรียนยานนาเวศ,20,50,52
2025-05-16,,เขตบางนา,bangkok-bang-na,สุขุมวิท,สุขุมวิท,ปากซอยแบริ่ง,10,100,73.5
2025-05-16,,เขตประเวศ,bangkok-prawet,เฉลิมพระเกียรติ ร.๙,เฉลิมพระเกียรติ ร.๙,ช่วงแยกศรีอุดม,15,410,57.5
2025-05-20,,เขตดินแดง,bangkok-din-daeng,รัชดาภิเษก,รัชดาภิเษก,ซ.อินทามระ 34,15,35,49.5
2025-05-20,,เขตจตุจักร,bangkok-chatuchak,พหลโยธิน,พหลโยธิน,ห้าแยกลาดพร้าว,5,30,49.5
2025-05-21,,เขตบึงกุ่ม,bangkok-bung-kum,นวมินทร์,นวมินทร์,ปากซอยนวมินทร์155,20,205,37
2025-05-21,,เขตบึงกุ่ม,bangkok-bung-kum,นวมินทร์,นวมินทร์,ปากซอยนวมินทร์38,20,150,37
2025-05-21,,เขตสายไหม,bangkok-sai-mai,พหลโยธิน,พหลโยธิน,ช่วงพหลโยธิน60/1,10,20,33
2025-05-21,,เขตบึงกุ่ม,bangkok-bung-kum,นวมินทร์,นวมินทร์,ช่วงซอยนวมินทร์ 46 สันติอโศก,15,130,37
2025-05-21,,เขตดอนเมือง,bangkok-don-mueang,ช่างอากาศอุทิศ,ช่างอากาศอุทิศ,ช่างอากาศอุทิศ7,10,240,43
2025-05-21,,เขตลาดพร้าว,bangkok-lat-phrao,สุคนธสวัสดิ์,สุคนธสวัสดิ์,ตรงข้ามซอยสุคนธสวัสดิ์25/2,10,150,49.5
2025-05-21,,เขตบึงกุ่ม,bangkok-bung-kum,ประเสริฐมนูกิจ,ประเสริฐมนูกิจ,แยกนวมินทร์,10,85,37
2025-05-21,,เขตบึงกุ่ม,bangkok-bung-kum,นวมินทร์,นวมินทร์,ซอยนวมินทร์105,10,85,37
2025-05-21,,เขตบางเขน,bangkok-bang-khen,แจ้งวัฒนะ,แจ้งวัฒนะ,หน้าราชภัฎพระนคร,10,130,51
2025-05-21,,เขตบางเขน,bangkok-bang-khen,พหลโยธิน,พหลโยธิน,หน้ากรมทหารราบ 11,10,85,51
2025-05-21,,เขตลาดกระบัง,bangkok-lat-krabang,ลาดกระบัง,ลาดกระบัง,ช่วงซอยลาดกระบัง30/1,20,70,34.5
2025-05-21,,เขตบึงกุ่ม,bangkok-bung-kum,นวมินทร์,นวมินทร์,ช่วงนวมินทร์135,20,120,37
2025-05-23,,เขตบางบอน,bangkok-bang-bon,เอกชัย,เอกชัย,ถ.เอกชัย ช่วง ซ.เอกชัย 87/1,20,275,106.5
2025-05-23,,เขตบางบอน,bangkok-bang-bon,เอกชัย,เอกชัย,ถ.บางขุนเทียน ช่วงตรงข้าม ซ.บางขุนเทียน 10,20,105,106.5
2025-05-23,,เขตบางบอน,bangkok-bang-bon,เอกชัย,เอกชัย,ถ.เอกชัย ช่วงห้างบิ๊กซีบางบอน,10,140,106.5
2025-05-23,,เขตบางบอน,bangkok-bang-bon,เอกชัย,เอกชัย,ถ.เอกชัย ซอย 60,15,155,106.5
2025-05-23,,เขตบางบอน,bangkok-bang-bon,เอกชัย,เอกชัย,ถ.เอกชัย ช่วง ซ.เอกชัย 62/1,15,140,106.5
2025-05-23,,เขตภาษีเจริญ,bangkok-phasi-charoen,เพชรเกษม,เพชรเกษม,ถ.เพชรเกษม ซ.เพชรเกษม 42,10,80,73
2025-05-23,,เขตบางบอน,bangkok-bang-bon,บางบอน 1,บางบอน 1,ถ.บางบอน 1 ช่วงตลาดเอกชัยบางบอน,10,120,106.5
2025-05-23,,เขตจอมทอง,bangkok-chom-thong,จอมทอง,จอมทอง,ถ.จอมทอง ช่วงแยกจอมทอง,15,135,106.5
2025-05-23,,เขตบางแค,bangkok-bang-khae,หมู่บ้านเศรษฐกิจ,หมู่บ้านเศรษฐกิจ,ถ.หมู่บ้านเศรษฐกิจ ช่วง ซ.เศรษฐกิจ 5,15,85,106.5
2025-05-23,,เขตภาษีเจริญ,bangkok-phasi-charoen,เพชรเกษม,เพชรเกษม,ถ.เพชรเกษม ช่วง ซ.เพชรเกษม 31/4,10,15,106.5
2025-05-23,,เขตภาษีเจริญ,bangkok-phasi-charoen,เพชรเกษม,เพชรเกษม,ถ.เพชรเกษม ช่วงหน้าโรงพยาบาลมิตรประชา,20,5,106.5
2025-05-24,,เขตบางเขน,bangkok-bang-khen,แจ้งวัฒนะ,แจ้งวัฒนะ,ช่วงหน้ามหาวิทยาลัยหน้าราชภัฏพระนคร,20,335,148
2025-05-24,,เขตหลักสี่,bangkok-lak-si,งามวงศ์วาน,งามวงศ์วาน,แยกพงษ์เพชร,20,115,82.5
2025-05-24,,เขตหลักสี่,bangkok-lak-si,แจ้งวัฒนะ,แจ้งวัฒนะ,ถ.แจ้งวัฒนะขาเข้า (โลตัส),15,110,82.5
2025-05-24,,เขตหลักสี่,bangkok-lak-si,แจ้งวัฒนะ,แจ้งวัฒนะ,หน้าศาลปกครองกลาง,10,110,82.5
2025-05-24,,เขตหลักสี่,bangkok-lak-si,งามวงศ์วาน,งามวงศ์วาน,ซอยชินเขต,15,110,82.5
2025-05-24,,เขตบางเขน,bangkok-bang-khen,พหลโยธิน,พหลโยธิน,ช่วงหน้ากรมทหาราบที่ 11,10,200,148
2025-05-24,,เขตสายไหม,bangkok-sai-mai,สุขาภิบาล5,สุขาภิบาล 5,ช่วงหน้าตลาดสดออเงิน,15,160,87
2025-05-24,,เขตบางเขน,bangkok-bang-khen,พหลโยธิน,พหลโยธิน,ช่วงBTS ม.เกษตร,10,120,148
2025-05-24,,เขตบางเขน,bangkok-bang-khen,รามอินทรา,รามอินทรา,รามอินทรา5,15,285,148
2025-05-24,,เขตจตุจักร,bangkok-chatuchak,เทศบาลสงเคราะห์,เทศบาลสงเคราะห์,ช่วงตลาดประชานิเวศน์,20,55,63
2025-05-31,,เขตดอนเมือง,bangkok-don-mueang,กำแพงเพชร 6,กำแพงเพชร 6,ถ.วิภาวดีขาออก ช่วงแยก ถ.กำแพงเพชร 6,10,40,25
2025-05-31,,เขตบางเขน,bangkok-bang-khen,แจ้งวัฒนะ,แจ้งวัฒนะ,แจ้งวัฒนะ ขาเข้า วงเวียนบางเขน,10,30,30
2025-06-05,,เขตสายไหม,bangkok-sai-mai,พหลโยธิน,พหลโยธิน,ถ.พหลโยธิน ช่วงซอย พหลโยธิน 60/1,15,35,31
2025-06-05,,เขตหลักสี่,bangkok-lak-si,แจ้งวัฒนะ,แจ้งวัฒนะ,ถ.แจ้งวัฒนะขาเข้า (โลตัส),15,19,31
2025-06-05,,เขตบางขุนเทียน,bangkok-bang-khun-thian,บางกระดี่,บางกระดี่,ช่วงหน้าตลาดบางกะดี่,15,55,56.5
2025-06-05,,เขตวังทองหลาง,bangkok-wang-thonglang,ประดิษฐ์มนูธรรม,ประดิษฐ์มนูธรรม,ช่วงหน้าศูนย์แพทย์พัฒนา,10,15,32
2025-06-05,,เขตสายไหม,bangkok-sai-mai,สุขาภิบาล5,สุขาภิบาล 5,ช่วงหน้าตลาดสดออเงิน,10,15,45
2025-06-05,,เขตสายไหม,bangkok-sai-mai,พหลโยธิน,พหลโยธิน,ช่วงแยก คปอ.,10,30,45
2025-06-08,,เขตดินแดง,bangkok-din-daeng,ประชาสุข,ประชาสุข,ถ.ประชาสุข ช่วง ซ.อินทามระ 34,20,194,74
2025-06-08,,เขตวังทองหลาง,bangkok-wang-thonglang,ประดิษฐ์มนูธรรม,ประดิษฐ์มนูธรรม,ถ.ประดิษฐ์มนูธรรม ช่วงหน้าศูนย์แพทย์พัฒนา,15,158,104
2025-06-09,,เขตวังทองหลาง,bangkok-wang-thonglang,ลาดพร้าว,ลาดพร้าว,ถ.ลาดพร้าว ช่วง ซ.ลาดพร้าว 110,25,279,104
2025-06-09,,เขตห้วยขวาง,bangkok-huai-khwang,ประชาอุทิศ,ประชาอุทิศ,ถ.ประชาอุทิศ ช่วงตรงข้ามสำนักงานเขตห้วยขวาง,10,280,73
2025-06-09,,เขตวังทองหลาง,bangkok-wang-thonglang,ลาดพร้าว,ลาดพร้าว,ถ.ลาดพร้าว ช่วง ซ.ลาดพร้าว 89,25,170,104
2025-06-09,,เขตบางกะปิ,bangkok-bang-kapi,หัวหมาก,หัวหมาก,ถ.หัวหมาก ช่วง ซ.รามคำแหง 24 แยก 18,10,155,104
2025-06-09,,เขตบางกะปิ,bangkok-bang-kapi,รามคำแหง,รามคำแหง,ถ.รามคำแหง ช่วง ซ.รามคำแหง 33,10,151,104
2025-06-09,,เขตห้วยขวาง,bangkok-huai-khwang,ประชาราษฎร์บำเพ็ญ,ประชาราษฎร์บำเพ็ญ,ถ.ประชาราษฎร์บำเพ็ญ ช่วง ซ.ประชาราษฎร์บำเพ็ญ 14,10,240,73
2025-06-09,,เขตบางกะปิ,bangkok-bang-kapi,ศรีนครินทร์,ศรีนครินทร์,ถ.ศรีนครินทร์ หน้าบริษัทกรีนสปอร์ต,10,15,104
2025-06-09,,เขตวังทองหลาง,bangkok-wang-thonglang,ลาดพร้าว,ลาดพร้าว,ซ.ลาดพร้าว 80 แยก 22,10,395,104
2025-06-09,,เขตลาดพร้าว,bangkok-lat-phrao,โชคชัย 4,โชคชัย 4,ถ.โชคชัย 4 ช่วง ซ.โชคชัย 40,15,210,92.5
2025-06-09,,เขตจตุจักร,bangkok-chatuchak,รัชดาภิเษก,รัชดาภิเษก,ถ.รัชดาภิเษก ช่วงตรงข้ามหน้ามหาวิทยาลัยราชภัฏจันทรเกษม,10,30,60
2025-06-09,,เขตบางกะปิ,bangkok-bang-kapi,รามคำแหง,รามคำแหง,ถ.รามคำแหง ช่วง ซ.รามคำแหง 19/1,10,25,104
2025-06-09,,เขตบางกะปิ,bangkok-bang-kapi,รามคำแหง,รามคำแหง,ถ.รามคำแหง ช่วง ซ.รามคำแหง 20,10,167,104
2025-06-09,,เขตลาดพร้าว,bangkok-lat-phrao,ลาดพร้าว,ลาดพร้าว,ถ.ลาดพร้าววังหิน ช่วง ซ.ลาดพร้าววังหิน 64,10,40,92.5
2025-06-09,,เขตลาดพร้าว,bangkok-lat-phrao,นาคนิวาส,นาคนิวาส,ถ.นาคนิวาส ช่วง ซ.นาคนิวาส 38,15,185,92.5
2025-06-09,,เขตลาดพร้าว,bangkok-lat-phrao,สุคนธสวัสดิ์,สุคนธสวัสดิ์,ถ.สุคนธสวัสดิ์ ช่วงตรงข้าม ซ.สุคนธสวัสดิ์ 25/2,10,180,92.5
2025-06-09,,เขตวังทองหลาง,bangkok-wang-thonglang,ถนนศรีวรา,ศรีวรา,ถ.ศรีวรา หน้าทาวน์อินทาวน์,15,255,104
2025-06-09,,เขตบึงกุ่ม,bangkok-bung-kum,นวมินทร์,นวมินทร์,ถ.นวมินทร์ ช่วง ซ.นวมินทร์ 105,10,125,50.5
2025-06-09,,เขตสวนหลวง,bangkok-suan-luang,พัฒนาการ,พัฒนาการ,อ.พัฒนาการ(ขาเข้า),12,55,32
2025-06-09,,เขตบึงกุ่ม,bangkok-bung-kum,นวมินทร์,นวมินทร์,ถ.นวมินทร์ ช่วง ซ.นวมินทร์ 38,15,55,50.5
2025-06-12,,เขตสาทร,bangkok-sathorn,สาธุประดิษฐ์,สาธุประดิษฐ์,ช่วงสาธุประดิษฐ์ซอย 2,10,35,34.5
2025-06-12,,เขตบางขุนเทียน,bangkok-bang-khun-thian,บางกระดี่,บางกระดี่,ช่วงหน้าตลาดบางกระดี่,20,197,42
2025-06-21,,เขตหลักสี่,bangkok-lak-si,แจ้งวัฒนะ,แจ้งวัฒนะ,หน้าโลตัส,10,20,33
2025-06-23,,เขตลาดกระบัง,bangkok-lat-krabang,ลาดกระบัง,ลาดกระบัง,ช่วงแยกกิ่งแก้ว,10,105,17.5
2025-06-23,,เขตลาดกระบัง,bangkok-lat-krabang,ลาดกระบัง,ลาดกระบัง,ฝั่งตรงข้ามตลาดสุวรรณภูมิ,10,85,17.5
2025-06-27,,เขตบางกะปิ,bangkok-bang-kapi,หัวหมาก,หัวหมาก,ช่วงปากซอยรามคำแหง 24  แยก 18,10,40,34.5
2025-06-28,,เขตวังทองหลาง,bangkok-wang-thonglang,ประดิษฐ์มนูธรรม,ประดิษฐ์มนูธรรม,ช่วงหน้าศูนย์แพทย์พัฒนา,10,30,25.5
2025-07-01,,เขตหลักสี่,bangkok-lak-si,แจ้งวัฒนะ,แจ้งวัฒนะ,หน้าโลตัสหลักสี่,10,19,49.5
2025-07-01,,เขตดอนเมือง,bangkok-don-mueang,ช่างอากาศอุทิศ,ช่างอากาศอุทิศ,ช่วงปากซอยช่างอากาศอุทิศ 7,15,140,42
2025-07-01,,เขตลาดกระบัง,bangkok-lat-krabang,ลาดกระบัง,ลาดกระบัง,ปากซอยลาดกระบัง30/1 -  แยกกิ่งแก้ว,15,200,34
2025-07-01,,เขตดอนเมือง,bangkok-don-mueang,ช่างอากาศอุทิศ,ช่างอากาศอุทิศ,ช่วงซอยช่างอากาศอุทิศ 12- 16  สำนักงานเขตดอนเมือง อยู่ระหว่างปรับปรุงถนนพร้อมวางท่อระบายน้ำ,20,660,42
2025-07-07,,เขตสายไหม,bangkok-sai-mai,สุขาภิบาล 5,สุขาภิบาล 5,หน้าตลาดสดออเงิน,10,40,34
2025-07-12,,เขตบางนา,bangkok-bang-na,บางนา-ตราด,บางนา-ตราด,หน้าห้างบิ๊กซี (ขาเข้าคลองเคล็ด),10,165,57
2025-07-13,,เขตวังทองหลาง,bangkok-wang-thonglang,ลาดพร้าว,ลาดพร้าว,ปากซอยลาดพร้าว 110,15,25,18.5
2025-07-13,,เขตบางกะปิ,bangkok-bang-kapi,หัวหมาก,หัวหมาก,ซ.รามคำแหง 24 แยก 18,10,50,42
2025-07-13,,เขตบึงกุ่ม,bangkok-bung-kum,นวมินทร์,นวมินทร์,ซอย นวมินทร์ 46 สันติอโศก,15,30,27
2025-07-14,,เขตดอนเมือง,bangkok-don-mueang,วิภาวดีรังสิต,วิภาวดีรังสิต,ถ.วิภาวดีขาออก ช่วงแยก ถ.กำแพงเพชร 6,10,40,14
2025-07-14,,เขตจตุจักร,bangkok-chatuchak,รัชดาภิเษก,รัชดาภิเษก,ถ.รัชดาภิเษก ช่วงหน้ามหาวิทยาลัยราชภัฏจันทรเกษม,10,40,26
2025-07-14,,เขตสายไหม,bangkok-sai-mai,พหลโยธิน,พหลโยธิน,ถ.พหลโยธิน ช่วงซอยพหลโยธิน 60/1,10,38,34
2025-07-14,,เขตสายไหม,bangkok-sai-mai,สุขาภิบาล 5,สุขาภิบาล 5,ถ.สุขาภิบาล ๕ ช่วงหน้าตลาดสดออเงิน,10,10,28
2025-07-14,,เขตวังทองหลาง,bangkok-wang-thonglang,ประดิษฐ์มนูธรรม,ประดิษฐ์มนูธรรม,ถ.ประดิษฐ์มนูธรรม ช่วงหน้าศูนย์แพทย์พัฒนา,10,15,13
2025-07-16,,เขตบางเขน,bangkok-bang-khen,พหลโยธิน,พหลโยธิน,วงเวียนบางเขน,10,85,36
2025-07-16,,เขตสายไหม,bangkok-sai-mai,พหลโยธิน,พหลโยธิน,ปากซอยพหลโยธิน 60/1,20,55,43.5
2025-07-16,,เขตบางเขน,bangkok-bang-khen,พหลโยธิน,พหลโยธิน,วงเวียนบางเขน ช่วงหน้า สน. บางเขน,15,85,36
2025-07-16,,เขตสายไหม,bangkok-sai-mai,สุขาภิบาล 5,สุขาภิบาล 5,หน้าตลาดออเงิน,15,50,43.5
2025-07-16,,เขตดอนเมือง,bangkok-don-mueang,ช่างอากาศอุทิศ,ช่างอากาศอุทิศ,ช่วงปากซอยช่างอากาศอุทิศ 7,10,300,54.5
2025-07-16,,เขตดอนเมือง,bangkok-don-mueang,ช่างอากาศอุทิศ,ช่างอากาศอุทิศ,ช่วงหน้า ซีเจ มินิมาร์ท,10,405,54.5
2025-07-16,,เขตคลองสาน,bangkok-khlong-san,ลาดหญ้า,ลาดหญ้า,วงเวียนใหญ่,10,80,48
2025-08-08,,เขตบางนา,bangkok-bang-na,สุขุมวิท,สุขุมวิท,ช่วงแบริ่ง,22.3,85,35.5
2025-08-08,,เขตวังทองหลาง,bangkok-wang-thonglang,ประดิษฐ์มนูธรรม,ประดิษฐ์มนูธรรม,ช่วงหน้าศูนย์แพทย์พัฒนา,10,20,11.5
2025-08-15,,เขตดอนเมือง,bangkok-don-mueang,วิภาวดีรังสิต,วิภาวดีรังสิต,ถ.วิภาวดีขาออก ช่วงแยก ถ.กำแพงเพชร 6,10,40,22
2025-08-15,,เขตสายไหม,bangkok-sai-mai,พหลโยธิน,พหลโยธิน,ช่วงซอยพหลโยธิน 60/1,21.5,15,40
2025-08-16,,เขตสวนหลวง,bangkok-suan-luang,ศรีนครินทร์,ศรีนครินทร์,ช่วงถนนกำแพงเพชร 7,10,121,70.5
2025-08-16,,เขตประเวศ,bangkok-prawet,อ่อนนุช,อ่อนนุช,ช่วงซอยอ่อนนุช 59,20,105,65.5
2025-08-16,,เขตลาดกระบัง,bangkok-lat-krabang,หลวงแพ่ง,หลวงแพ่ง,หน้าโลตัสหลวงแพ่ง,10,130,55
2025-08-18,,เขตพระโขนง,bangkok-phra-khanong,สุขุมวิท 101/1,สุขุมวิท 101/1,วชิรธรรมสาธิต 32,10,40,49.5
2025-08-18,,เขตพระโขนง,bangkok-phra-khanong,สุขุมวิท 101/1,สุขุมวิท 101/1,วชิรธรรมสาธิต ช่วง สามแยกวัดทุ่ง,15,40,49.5
2025-08-18,,เขตบางนา,bangkok-bang-na,บางนา-ตราด,บางนา-ตราด,แยกบางนา (ขาออก),15,110,55.5
2025-08-21,,เขตวังทองหลาง,bangkok-wang-thonglang,ประดิษฐ์มนูธรรม,ประดิษฐ์มนูธรรม,ช่วงหน้าศูนย์แพทย์พัฒนา,15,40,30
2025-08-22,,เขตราชเทวี,bangkok-ratchathewi,บรรทัดทอง,บรรทัดทอง,ช่วงถนนเพชรบุรี,15,85,61.5
2025-08-31,,เขตประเวศ,bangkok-prawet,เฉลิมพระเกียรติ ร.๙,เฉลิมพระเกียรติ ร.๙,ซ.เฉลิมพระเกียรติ ร.9 40,10,55,34
2025-08-31,,เขตลาดกระบัง,bangkok-lat-krabang,ลาดกระบัง,ลาดกระบัง,แยกกิ่งแก้ว,15,65,43
2025-09-03,,เขตสายไหม,bangkok-sai-mai,พหลโยธิน,พหลโยธิน,ช่วงซอยพหลโยธิน 60/1,15,30,46
2025-09-03,,เขตบางเขน,bangkok-bang-khen,วัชรพล,วัชรพล,ช่วงซอยวัชรพล 8,10,90,46
2025-09-04,,เขตสัมพันธวงศ์,bangkok-samphanthawong,เจริญกรุง,เจริญกรุง,แยกแปลงนาม,15,85,113
2025-09-04,,เขตสัมพันธวงศ์,bangkok-samphanthawong,เยาวราช,เยาวราช,ช่วงแยกราชวงศ์,10,130,113
2025-09-04,,เขตสาทร,bangkok-sathorn,จันทน์,จันทน์,ช่วง ซ.จันทร์ 29,10,120,98.5
2025-09-04,,เขตสัมพันธวงศ์,bangkok-samphanthawong,เยาวราช,เยาวราช,แยกแปลงนาม,15,55,113
2025-09-04,,เขตสาทร,bangkok-sathorn,สาธุประดิษฐ์,สาธุประดิษฐ์,สาธุประดิษฐ์ ซอย 2,31,130,98.5
2025-09-04,,เขตยานนาวา,bangkok-yannawa,สาธุประดิษฐ์,สาธุประดิษฐ์,ซอยสาธุประดิษฐ์ 15,20,35,98.5
2025-09-04,,เขตสาทร,bangkok-sathorn,จันทน์,จันทน์,ช่วงแยกถนนจันทน์,20,100,98.5
2025-09-04,,เขตบางรัก,bangkok-bang-rak,สุรวงศ์,สุรวงศ์,ช่วงใต้ทางด่วนสุรวงศ์,10,75,88
2025-09-04,,เขตสาทร,bangkok-sathorn,จันทน์,จันทน์,ซอย28/2,27,110,98.5
2025-09-04,,เขตคลองสาน,bangkok-khlong-san,ลาดหญ้า,ลาดหญ้า,แยกท่าดินแดงถึงคลองสมเด็จเจ้าพระยา,15,95,91.5
2025-09-04,,เขตคลองสาน,bangkok-khlong-san,ลาดหญ้า,ลาดหญ้า,หน้าโรบินสัน,20,100,91.5
2025-09-04,,เขตสาทร,bangkok-sathorn,เซนหลุยส์,เซนหลุยส์,ถนนจันทน์ถึงชุมชนกุศลทอง,30,120,98.5
2025-09-04,,เขตสายไหม,bangkok-sai-mai,สุขาภิบาล 5,สุขาภิบาล 5,ช่วงหน้าตลาดสดออเงิน,15,75,98.5
2025-09-05,,เขตดินแดง,bangkok-din-daeng,รัชดาภิเษก,รัชดาภิเษก,แยกเทียมร่วมมิตร,15,35,60
2025-09-05,,เขตบางกะปิ,bangkok-bang-kapi,รามคำแหง,รามคำแหง,ซอยรามคำแหง33,20,120,58.5
2025-09-05,,เขตดินแดง,bangkok-din-daeng,ประชาสุข,ประชาสุข,ซอยอินทามระ34,20,55,60
2025-09-05,,เขตบางกะปิ,bangkok-bang-kapi,หัวหมาก,หัวหมาก,ซอยรามคำแหง 24 แยก18,15,160,58.5
2025-09-05,,เขตดินแดง,bangkok-din-daeng,ประชาสงเคราะห์,ประชาสงเคราะห์,หน้าตลาดห้วยขวาง,10,30,60
2025-09-05,,เขตห้วยขวาง,bangkok-huai-khwang,ประชาอุทิศ,ประชาอุทิศ,หน้าสำนักงานเขตห้วยขวาง,15,160,129
2025-09-05,,เขตห้วยขวาง,bangkok-huai-khwang,ประชาราษฎร์บำเพ็ญ,ประชาราษฎร์บำเพ็ญ,ประชาราษฎร์บำเพ็ญ14,15,140,129
2025-09-05,,เขตบางกะปิ,bangkok-bang-kapi,รามคำแหง,รามคำแหง,ซอยรามคำแหง20,15,190,58.5
2025-09-05,,เขตบางกะปิ,bangkok-bang-kapi,หัวหมาก,หัวหมาก,จุดกลับรถรามคำแหง24 หน้าหอพักบ้านเรือทอง,15,570,58.5
2025-09-05,,เขตดินแดง,bangkok-din-daeng,ประชาสุข,ประชาสุข,ซ.อินทามระ 34,20,150,60
2025-09-05,,เขตบางกะปิ,bangkok-bang-kapi,รามคำแหง,รามคำแหง,ซ.รามคำแหง20,15,380,58.5
2025-09-05,,เขตวังทองหลาง,bangkok-wang-thonglang,ลาดพร้าว,ลาดพร้าว,ซ.ลาดพร้าว110,20,225,117
2025-09-05,,เขตวังทองหลาง,bangkok-wang-thonglang,ลาดพร้าว,ลาดพร้าว,ซ.ลาดพร้าว89,15,230,117
2025-09-05,,เขตห้วยขวาง,bangkok-huai-khwang,ประชาอุทิศ,ประชาอุทิศ,หน้าสำนักงานเขตห้วยขวาง,20,310,60
2025-09-05,,เขตสวนหลวง,bangkok-suan-luang,พัฒนาการ,พัฒนาการ,ธนาคารกรุงไทย,15,125,52
2025-09-05,,เขตบางกะปิ,bangkok-bang-kapi,รามคำแหง,รามคำแหง,ซ.รามคำแหง19/1,15,85,58.5
2025-09-05,,เขตบางเขน,bangkok-bang-khen,วัชรพล,วัชรพล,ซ.วัชรพล8,15,55,68.5
2025-09-05,,เขตบางกะปิ,bangkok-bang-kapi,รามคำแหง,รามคำแหง,ซ.รามคำแหง33,15,115,58.5
2025-09-05,,เขตลาดพร้าว,bangkok-lat-phrao,โชคชัย 4,โชคชัย 4,ซ.โชคชัย40,15,200,68.5
2025-09-05,,เขตดินแดง,bangkok-din-daeng,รัชดาภิเษก,รัชดาภิเษก,แยกเทียมร่วมมิตร,25,120,60
2025-09-05,,เขตดินแดง,bangkok-din-daeng,ประชาสงเคราะห์,ประชาสงเคราะห์,ตลาดห้วยขวาง,25,150,60
2025-09-05,,เขตดินแดง,bangkok-din-daeng,รัชดาภิเษก,รัชดาภิเษก,สถานฑูตจีน,20,140,60
2025-09-05,,เขตลาดพร้าว,bangkok-lat-phrao,นาคนิวาส,นาคนิวาส,ซ.นาคนิวาส38,15,215,68.5
2025-09-05,,เขตสวนหลวง,bangkok-suan-luang,พัฒนาการ,พัฒนาการ,แยกศรีนครินทร์,15,110,52
2025-09-05,,เขตบางกะปิ,bangkok-bang-kapi,รามคำแหง,รามคำแหง,ตรงข้ามซอยรามคำแหง43,15,95,58.5
2025-09-05,,เขตประเวศ,bangkok-prawet,อ่อนนุช,อ่อนนุช,ซ.อ่อนนุช59,15,180,44.5
2025-09-05,,เขตสวนหลวง,bangkok-suan-luang,ศรีนครินทร์,ศรีนครินทร์,ถ.กำแพงเพชร7,20,200,52
2025-09-05,,เขตห้วยขวาง,bangkok-huai-khwang,ประชาราษฎร์บำเพ็ญ,ประชาราษฎร์บำเพ็ญ,ซ.ประชาราษฎร์บำเพ็ญ14,15,220,129
2025-09-06,,เขตจตุจักร,bangkok-chatuchak,รัชดาภิเษก,รัชดาภิเษก,ช่วงหน้ามหาวิทยาลัยหน้าราชภัฏจันทรเกษม,10,75,69
2025-09-06,,เขตลาดพร้าว,bangkok-lat-phrao,โชคชัย 4,โชคชัย 4,ปากซอยโชคชัย 40,20,555,35
2025-09-06,,เขตบึงกุ่ม,bangkok-bung-kum,นวมินทร์,นวมินทร์,ช่วงซอยนวมินทร์ 38,15,180,76.5
2025-09-06,,เขตลาดพร้าว,bangkok-lat-phrao,นาคนิวาส,นาคนิวาส,ช่วงซอยนาคนิวาส 38,10,395,35
2025-09-06,,เขตลาดพร้าว,bangkok-lat-phrao,สุคนธสวัสดิ์,สุคนธสวัสดิ์,ช่วงตรงข้ามซอยสุคนธสวัสดิ์ 25/2,10,550,35
2025-09-06,,เขตลาดพร้าว,bangkok-lat-phrao,ลาดพร้าววังหิน,ลาดพร้าววังหิน,ช่วงซอยลาดพร้าววังหิน 64,10,120,35
2025-09-06,,เขตบึงกุ่ม,bangkok-bung-kum,นวมินทร์,นวมินทร์,ช่วงซอยนวมินทร์ 46 (สันติอโศก),15,115,76.5
2025-09-06,,เขตลาดพร้าว,bangkok-lat-phrao,โชคชัย 4,โชคชัย 4,ซอยโชคชัย 28,10,95,35
2025-09-06,,เขตวังทองหลาง,bangkok-wang-thonglang,ลาดพร้าว,ลาดพร้าว,ช่วงปากซอยลาดพร้าว 89,15,155,76.5
2025-09-06,,เขตบางกะปิ,bangkok-bang-kapi,หัวหมาก,หัวหมาก,ซอยรามคำแหง 24 แยก18,15,525,39.5
2025-09-06,,เขตบางกะปิ,bangkok-bang-kapi,รามคำแหง,รามคำแหง,ช่วงซอยรามคำแหง 19/1,10,120,39.5
2025-09-06,,เขตบางกะปิ,bangkok-bang-kapi,รามคำแหง,รามคำแหง,ช่วงซอยรามคำแหง 33,10,455,64
2025-09-06,,เขตสวนหลวง,bangkok-suan-luang,สุขุมวิท 71,สุขุมวิท 71,ช่วงแยกคลองตัน,20,140,45
2025-09-06,,เขตสวนหลวง,bangkok-suan-luang,พัฒนาการ,พัฒนาการ,ช่วงธนาคารกรุงไทย,20,165,45
2025-09-06,,เขตบางกะปิ,bangkok-bang-kapi,ลาดพร้าว,ลาดพร้าว,ช่วงลาดพร้าว 110 -112,10,195,39.5
2025-09-06,,เขตวัฒนา,bangkok-watthana,สุขุมวิท 71,สุขุมวิท 71,ช่วงซอยปรีดีพนมยงค์ 9 - คลองบางมะเขือ,20,85,104.5
2025-09-06,,เขตพระโขนง,bangkok-phra-khanong,สุขุมวิท101/1,สุขุมวิท 101/1,วชิรธรรมสาธิต ช่วง 3 แยกวัดทุ่ง,20,425,82.5
2025-09-06,,เขตพระโขนง,bangkok-phra-khanong,สุขุมวิท101/1,สุขุมวิท 101/1,ช่วงซอยวชิรธรรมสาธิต 34,10,60,82.5
2025-09-06,,เขตประเวศ,bangkok-prawet,อ่อนนุช,อ่อนนุช,ซอยอ่อนนุช 59,20,760,64
2025-09-06,,เขตราชเทวี,bangkok-ratchathewi,บรรทัดทอง,บรรทัดทอง,แยกเพชรพระราม,20,50,33.5
2025-09-06,,เขตราชเทวี,bangkok-ratchathewi,ศรีอยุธยา,ศรีอยุธยา,โรงเรียนสันติราษฎร์วิทยาลัย,20,15,33.5
2025-09-06,,เขตดุสิต,bangkok-dusit,ราชวิถี,ราชวิถี,หน้ามหาวิทยาลัยราชภัฎสวนสุนันทา,15,60,74
2025-09-06,,เขตราชเทวี,bangkok-ratchathewi,ศรีอยุธยา,ศรีอยุธยา,หน้ากรมทางหลวง,15,35,33.5
2025-09-06,,เขตประเวศ,bangkok-prawet,เฉลิมพระเกียรติ ร.๙,เฉลิมพระเกียรติ ร.๙,ช่วงซอย เฉลิมพระเกียรติ ร.9 40,15,335,64
2025-09-06,,เขตสวนหลวง,bangkok-suan-luang,ศรีนครินทร์,ศรีนครินทร์,แยกพัฒนาการ - สถานีรถไฟหัวหมาก,15,155,45
2025-09-06,,เขตพระนคร,bangkok-phra-nakhon,ราชดำเนินกลาง,ราชดำเนินกลาง,อนุเสาวรรีย์ประชาธิปไตย -สะพานผ่านฟ้า (ทั้ง 2ฝั่ง),30,245,134.5
2025-09-06,,เขตลาดพร้าว,bangkok-lat-phrao,ลาดพร้าววังหิน,ลาดพร้าววังหิน,ลาดพร้าววังหินซอย 87 - สีแยกวังหิน,10,220,35
2025-09-06,,เขตบางแค,bangkok-bang-khae,หมู่บ้านเศรษฐกิจ,หมู่บ้านเศรษฐกิจ,ช่วงซอยเศรษฐกิจ 5,10,250,93
2025-09-06,,เขตภาษีเจริญ,bangkok-phasi-charoen,เพชรเกษม,เพชรเกษม,ช่วงซอยเพชรเกษม 46-42,20,75,64
2025-09-06,,เขตบางบอน,bangkok-bang-bon,เอกชัย,เอกชัย,ช่วงซอยเอกชัย 87/1,10,60,74.5
2025-09-06,,เขตบางแค,bangkok-bang-khae,เพชรเกษม,เพชรเกษม,ช่วงซอยเพชรเกษม 62/1,15,50,93
2025-09-06,,เขตภาษีเจริญ,bangkok-phasi-charoen,เพชรเกษม,เพชรเกษม,ช่วงซอยเพชรเกษม 31/4,10,15,64
2025-09-07,,เขตจอมทอง,bangkok-chom-thong,จอมทอง,จอมทอง,ช่วงสามแยกจอมทอง,10,40,50
2025-09-08,,เขตบางเขน,bangkok-bang-khen,วัชรพล,วัชรพล,ซ.วัชรพล8,10,85,39.5
2025-09-08,,เขตบึงกุ่ม,bangkok-bung-kum,นวมินทร์,นวมินทร์,ซ.นวมินทร์46(สันติอโศก),15,5,50.5
2025-09-08,,เขตลาดพร้าว,bangkok-lat-phrao,สุคนธสวัสดิ์,สุคนธสวัสดิ์,สุคนธสวัสดิ์25/2,10,25,24
2025-09-08,,เขตบางเขน,bangkok-bang-khen,รามอินทรา,รามอินทรา,ซ.รามอินทรา5,10,15,39.5
2025-09-08,,เขตสายไหม,bangkok-sai-mai,สุขาภิบาล 5,สุขาภิบาล 5,หน้าตลาดออเงิน,10,45,43.5
2025-09-08,,เขตสายไหม,bangkok-sai-mai,พหลโยธิน,พหลโยธิน,ซ.พหลโยธิน60/1,20,85,43.5
2025-09-09,,เขตสายไหม,bangkok-sai-mai,สุขาภิบาล5,สุขาภิบาล 5,ช่วงหน้าตลาดสดออเงิน,10,50,28.5
2025-09-09,,เขตบางเขน,bangkok-bang-khen,แจ้งวัฒนะ,แจ้งวัฒนะ,แจ้งวัฒนะซอย 2,10,75,37
2025-09-12,,เขตหลักสี่,bangkok-lak-si,แจ้งวัฒนะ,แจ้งวัฒนะ,หน้า Big C  (สถานีรถไฟฟ้าแจ้งวัฒนะ 14),15,20,48
2025-09-13,,เขตดอนเมือง,bangkok-don-mueang,ช่างอากาศอุทิศ,ช่างอากาศอุทิศ,ซ.ช่่างอากาศอุทิศ7,15,955,52
2025-09-13,,เขตหลักสี่,bangkok-lak-si,แจ้งวัฒนะ,แจ้งวัฒนะ,หน้าไปรษณีย์ ถึง ศาลปกครองกลาง,10,110,63.5
2025-09-13,,เขตหลักสี่,bangkok-lak-si,แจ้งวัฒนะ,แจ้งวัฒนะ,หน้าโลตัส,10,80,63.5
2025-09-13,,เขตดอนเมือง,bangkok-don-mueang,ช่างอากาศอุทิศ,ช่างอากาศอุทิศ,ซ.ช่างอากาศอุทิศ15,15,955,52
2025-09-13,,เขตหลักสี่,bangkok-lak-si,แจ้งวัฒนะ,แจ้งวัฒนะ,ช่วงตรงข้ามบริษัท โทรคมนาคม จำกัด (มหาชน),10,105,63.5
2025-09-13,,เขตหลักสี่,bangkok-lak-si,แจ้งวัฒนะ,แจ้งวัฒนะ,ซ.แจ้งวัฒนะ10,10,80,63.5
2025-09-13,,เขตหลักสี่,bangkok-lak-si,แจ้งวัฒนะ,แจ้งวัฒนะ,หน้ากระทรวงยุติธรรม,10,60,63.5
2025-09-13,,เขตหลักสี่,bangkok-lak-si,แจ้งวัฒนะ,แจ้งวัฒนะ,ซ.แจ้งวัฒนะ14,10,110,63.5
2025-09-14,,เขตสาทร,bangkok-sathorn,สาธุประดิษฐ์,สาธุประดิษฐ์,แยกถนนจันทน์ถึงโรงเรียนยานนาเวศ,20,65,47.5
2025-09-14,,เขตสาทร,bangkok-sathorn,สาธุประดิษฐ์,สาธุประดิษฐ์,ซ.สาธุประดิษฐ์2,20,90,47.5
2025-09-14,,เขตยานนาวา,bangkok-yannawa,สาธุประดิษฐ์,สาธุประดิษฐ์,ช่วง ซ.สาธุประดิษฐ์ 15,20,95,90
2025-09-14,,เขตบึงกุ่ม,bangkok-bung-kum,นวมินทร์,นวมินทร์,ซอยนวมินทร์ 38,20,130,31
2025-09-14,,เขตบางกะปิ,bangkok-bang-kapi,นวมินทร์,นวมินทร์,ช่วงแยกบางกะปิ,20,155,52
2025-09-14,,เขตบางกะปิ,bangkok-bang-kapi,รามคำแหง,รามคำแหง,ช่วงตรงข้ามซอยรามคำแหง 43,20,290,52
2025-09-14,,เขตบึงกุ่ม,bangkok-bung-kum,นวมินทร์,นวมินทร์,ซอยนวมินท์ 105,10,175,31
2025-09-14,,เขตวังทองหลาง,bangkok-wang-thonglang,ลาดพร้าว,ลาดพร้าว,ซอยลาดพร้าว 110,10,75,47
2025-09-14,,เขตบางกะปิ,bangkok-bang-kapi,รามคำแหง,รามคำแหง,ซอยรามคำแหง 33,20,295,52
2025-09-14,,เขตบึงกุ่ม,bangkok-bung-kum,นวมินทร์,นวมินทร์,ช่วงซอย 46 (สันติอโศก),20,110,31
2025-09-14,,เขตบึงกุ่ม,bangkok-bung-kum,นวมินทร์,นวมินทร์,ซอย 75 - แยกโพธิ์แก้ว (นวมินทร์ขาออก),15,75,31
2025-09-14,,เขตบึงกุ่ม,bangkok-bung-kum,นวมินทร์,นวมินทร์,แยกโพธิ์แก้ว - ซอย 36 (นวมินทร์ขาเข้า),15,80,31
2025-09-14,,เขตบางกะปิ,bangkok-bang-kapi,หัวหมาก,หัวหมาก,ช่วงซอยรามคำแหง 24 แยก 18,10,295,52
2025-09-14,,เขตพระนคร,bangkok-phra-nakhon,สนามไชย,สนามไชย,หน้าวัดโพธิ์,20,15,66
2025-09-14,,เขตภาษีเจริญ,bangkok-phasi-charoen,เพชรเกษม,เพชรเกษม,ซอยเพชรเกษม 42 - 46,15,45,40
2025-09-14,,เขตดอนเมือง,bangkok-don-mueang,ช่างอากาศอุทิศ,ช่างอากาศอุทิศ,ซอยช่างอากาศอุทิศ 15,10,695,18
2025-09-14,,เขตดอนเมือง,bangkok-don-mueang,ช่างอากาศอุทิศ,ช่างอากาศอุทิศ,ซอยช่างอากาศอุทิศ 7,10,685,18
2025-09-17,,เขตสาทร,bangkok-sathorn,สาธุประดิษฐ์,สาธุประดิษฐ์,แยกถนนจันทน์ - ซอยสาธุประดิษฐ์ 16,20,95,74.5
2025-09-17,,เขตสาทร,bangkok-sathorn,จันทน์,จันทน์,ซอย18 - ถ.เซนหลุยส์,20,80,74.5
2025-09-17,,เขตสาทร,bangkok-sathorn,นางลิ้นจี่,นางลิ้นจี่,ช่วงแยกถนนเย็นอากาศ,20,50,74.5
2025-09-17,,เขตวัฒนา,bangkok-watthana,สุขุมวิท,สุขุมวิท,ซอยสุขุมวิท 31 (หน้าโรงเรียนสวัสดี),10,50,48
2025-09-17,,เขตบึงกุ่ม,bangkok-bung-kum,นวมินทร์,นวมินทร์,ช่วงซอยนวมินทร์ 105,15,50,42
2025-09-17,,เขตลาดพร้าว,bangkok-lat-phrao,โชคชัย 4,โชคชัย 4,ช่วงซอยโชคชัย 40,20,95,42
2025-09-17,,เขตลาดกระบัง,bangkok-lat-krabang,ลาดกระบัง,ลาดกระบัง,ช่วงซอยลาดกระบัง30/1,10,85,46
2025-09-17,,เขตวัฒนา,bangkok-watthana,สุขุมวิท 39,สุขุมวิท 39,ซอยพร้อมใจ - ซอยพร้อมมิตร,20,60,48
2025-09-17,,เขตบึงกุ่ม,bangkok-bung-kum,นวมินทร์,นวมินทร์,ช่วงซอยนวมิทร์ 38,20,75,42
2025-09-17,,เขตบึงกุ่ม,bangkok-bung-kum,นวมินทร์,นวมินทร์,สันติอโศก,15,40,42
2025-09-17,,เขตคลองเตย,bangkok-khlong-toei,สุนทรโกษา,สุนทรโกษา,กรมศุลกากร - สนามกีฬา,15,20,55
2025-09-17,,เขตลาดกระบัง,bangkok-lat-krabang,ลาดกระบัง,ลาดกระบัง,แยกกิ่งแก้ว,20,135,92
2025-09-17,,เขตประเวศ,bangkok-prawet,อ่อนนุช,อ่อนนุช,ช่วง ซ.อ่อนนุช59,20,3510,46
2025-09-17,,เขตบางกะปิ,bangkok-bang-kapi,ศรีนครินทร์,ศรีนครินทร์,ใต้สะพานมอเตอร์เวย์ พระราม9,15,35,42
2025-09-17,,เขตลาดกระบัง,bangkok-lat-krabang,ลาดกระบัง,ลาดกระบัง,แยกกิ่งแก้ว (ฝั่งขาเข้า),25,475,92
2025-09-18,,เขตบางเขน,bangkok-bang-khen,แจ้งวัฒนะ,แจ้งวัฒนะ,วงเวียนบางเขน,10,85,38
2025-09-18,,เขตหลักสี่,bangkok-lak-si,แจ้งวัฒนะ,แจ้งวัฒนะ,ถ.แจ้งวัฒนะขาเข้า โลตัส,15,45,57
2025-09-18,,เขตหลักสี่,bangkok-lak-si,แจ้งวัฒนะ,แจ้งวัฒนะ,หน้าศาลปกครอง,10,125,57
2025-09-18,,เขตบางเขน,bangkok-bang-khen,รามอินทรา,รามอินทรา,ถ.รามอินทรา ช่วง ซ.รามมอินทรา5,20,70,38
2025-09-18,,เขตบางเขน,bangkok-bang-khen,แจ้งวัฒนะ,แจ้งวัฒนะ,หน้ามหาวิยาลัยราชภัฏพระนคร,10,60,38
2025-09-18,,เขตบางเขน,bangkok-bang-khen,พหลโยธิน,พหลโยธิน,หน้ากรมทหารราบที่ 11 ประตู2,10,90,38
2025-09-18,,เขตบางเขน,bangkok-bang-khen,วัชรพล,วัชรพล,ช่วง ซ.วัชรพล 1/9,10,30,38
2025-09-18,,เขตดอนเมือง,bangkok-don-mueang,วิภาวดีรังสิต,วิภาวดีรังสิต,ถ.วิภาวดีขาออก ช่วงแยก ถ.กำแพงเพชร 6,10,150,20
2025-09-18,,เขตหลักสี่,bangkok-lak-si,แจ้งวัฒนะ,แจ้งวัฒนะ,ถ.แจ้งวัฒนะ ช่วงตรงข้ามบริษัท โทรคมนาคมแห่งชาติ จำกัด (มหาชน),10,115,57
2025-09-18,,เขตหลักสี่,bangkok-lak-si,แจ้งวัฒนะ,แจ้งวัฒนะ,หน้ากระทรวงยุติธรรม,15,70,57
2025-09-27,,เขตบางนา,bangkok-bang-na,สรรพาวุธ,สรรพาวุธ,ถนนสรรพาวุธตลอดแนว,15,410,115.5
2025-09-27,,เขตบางนา,bangkok-bang-na,สุขุมวิท 103,สุขุมวิท 103,ช่วงถนนอุดมสุข,20,580,115.5
2025-09-27,,เขตประเวศ,bangkok-prawet,อ่อนนุช,อ่อนนุช,ช่วงซอยอ่อนนุช 59,20,225,68.5
2025-09-27,,เขตพระโขนง,bangkok-phra-khanong,สุขุมวิท 101/1,สุขุมวิท 101/1,ช่วงซอยวชิรธรรมสาธิต 34,15,115,112
2025-09-27,,เขตพระโขนง,bangkok-phra-khanong,สุขุมวิท 101/1,สุขุมวิท 101/1,แยกซอยวัดทุ่ง,20,420,112
2025-09-27,,เขตประเวศ,bangkok-prawet,เฉลิมพระเกียรติ ร.๙,เฉลิมพระเกียรติ ร.๙,ช่วงซอยเฉลิมพระเกียรติ ร.9 40,10,325,68.25
2025-09-27,,เขตบางนา,bangkok-bang-na,บางนา-ตราด,บางนา-ตราด,ช่วงแยกบางนา,15,635,115.5
2025-09-27,,เขตลาดกระบัง,bangkok-lat-krabang,หลวงแพ่ง,หลวงแพ่ง,ช่วงโลตัสลาดกระบัง,15,110,68
2025-09-27,,เขตบางนา,bangkok-bang-na,สุขุมวิท,สุขุมวิท,ช่วงแบริ่ง,15,120,115.5
2025-09-27,,เขตวัฒนา,bangkok-watthana,สุขุมวิท 71,สุขุมวิท 71,ช่วงซอยปรีดีพนมยงค์ 10 -20 (ทั้งสองฝั่ง),15,60,47
2025-09-27,,เขตประเวศ,bangkok-prawet,เฉลิมพระเกียรติ ร.๙,เฉลิมพระเกียรติ ร.๙,ช่วงแยกศรีอุดม,15,230,68.5
2025-09-27,,เขตบางนา,bangkok-bang-na,ศรีนครินทร์,ศรีนครินทร์,ช่วงวัดศรีเอี่ยม,15,570,115.5
2025-09-27,,เขตบางนา,bangkok-bang-na,สุขุมวิท,สุขุมวิท,ช่วงซอยสุขุมวิท 70,15,615,115.5
2025-09-27,,เขตลาดกระบัง,bangkok-lat-krabang,ลาดกระบัง,ลาดกระบัง,ช่วงแยกกิ่งแก้ว,20,180,68
2025-09-27,,เขตบางนา,bangkok-bang-na,สุขุมวิท,สุขุมวิท,ช่วงแยกบางนา,25,195,115.5
2025-10-01,,เขตดินแดง,bangkok-din-daeng,รัชดาภิเษก,รัชดาภิเษก,แยกเทียมร่วมมิตร,10,45,56.5
2025-10-01,,เขตบางเขน,bangkok-bang-khen,รามอินทรา,รามอินทรา,ช่วง วงเวียนบางเขน - ซ.รามอินทรา5,15,365,62.5
2025-10-01,,เขตดินแดง,bangkok-din-daeng,ประชาสุข,ประชาสุข,ช่วง ซ.อินทามระ34,20,55,56.5
2025-10-01,,เขตดินแดง,bangkok-din-daeng,ประชาสงเคราะห์,ประชาสงเคราะห์,ช่วง ซ.ประชาสงเคราะห์9,20,45,56.5
2025-10-01,,เขตบางเขน,bangkok-bang-khen,แจ้งวัฒนะ,แจ้งวัฒนะ,หน้า ม.ราชภัฏพระนคร,15,60,62.5
2025-10-01,,เขตจตุจักร,bangkok-chatuchak,รัชดาภิเษก,รัชดาภิเษก,หน้า ม.ราชภัฏจันทรเกษม,10,50,51
2025-10-01,,เขตดินแดง,bangkok-din-daeng,ประชาสงเคราะห์,ประชาสงเคราะห์,หน้าตลาดห้วยขวาง,15,40,56.5
2025-10-01,,เขตดินแดง,bangkok-din-daeng,ประชาสงเคราะห์,ประชาสงเคราะห์,ช่วง ซ.เปรมสมบัติ33,10,45,56.5
2025-10-01,,เขตบางเขน,bangkok-bang-khen,แจ้งวัฒนะ,แจ้งวัฒนะ,วงเวียนบางเขน ฝั่งขาเข้า,20,110,62.5
2025-10-04,,เขตพระนคร,bangkok-phra-nakhon,สนามไชย,สนามไชย,หน้าวัดโพธิ์,20,56,81
2025-10-04,,เขตประเวศ,bangkok-prawet,เฉลิมพระเกียรติ ร.๙,เฉลิมพระเกียรติ ร.๙,คลองปลัดเปรียง - ทางเข้าบึงหนองบอน,15,675,121.5
2025-10-04,,เขตราชเทวี,bangkok-ratchathewi,นิคมมักกะสัน,นิคมมักกะสัน,ถ.นิคมมักกะสัน แยกราชปรารภ,15,78,100.5
2025-10-04,,เขตดินแดง,bangkok-din-daeng,ดินแดง,ดินแดง,ถ.ดินแดง ช่วงทางเข้าโรงเรียนพิบูลประชาสรรค์,15,91,78
2025-10-04,,เขตดินแดง,bangkok-din-daeng,ประชาสงเคราะห์,ประชาสงเคราะห์,ถ.ประชาสงเคราะห์ ช่วง ซ.ประชาสงเคราะห์ 1 ถึงแยกองค์พระ,10,130,78
2025-10-04,,เขตประเวศ,bangkok-prawet,อ่อนนุช,อ่อนนุช,ถ.อ่อนนุช ช่วง ซ.อ่อนนุช 59,10,705,121.5
2025-10-04,,เขตบางรัก,bangkok-bang-rak,ศาลาแดง,ศาลาแดง,ถ.ศาลาแดง ช่วง ซ.ศาลาแดง 1/1,15,160,36.5
2025-10-04,,เขตราชเทวี,bangkok-ratchathewi,ศรีอยุธยา,ศรีอยุธยา,ช่วงโรงเรียนสันติราษฏร์วิทยาลัย,10,55,100.5
2025-10-04,,เขตสาทร,bangkok-sathorn,สาธรใต้,สาธรใต้,ถ.สาทรใต้ ช่วง ซ.สาทร3,10,80,27
2025-10-04,,เขตราชเทวี,bangkok-ratchathewi,บรรทัดทอง,บรรทัดทอง,ถ.บรรทัดทอง ช่วงถนนเพชรบุรี(แยกเพชรพระราม),15,75,100.5
2025-10-04,,เขตราชเทวี,bangkok-ratchathewi,พญาไท,พญาไท,แยกพญาไท,10,40,94
2025-10-04,,เขตวัฒนา,bangkok-watthana,เอกมัย,เอกมัย,ปากซอยเอกมัย 3 - บ่อสูบเอกมัย,20,140,82
2025-10-04,,เขตบางบอน,bangkok-bang-bon,เอกชัย,เอกชัย,ช่วง BIG C บางบอน,10,60,34.5
2025-10-04,,เขตพระโขนง,bangkok-phra-khanong,สุขุมวิท101/1,สุขุมวิท 101/1,ถ.วชิรธรรมสาธิต ช่วง 3 แยกชอยวัดทุ่ง,20,341,82.5
2025-10-04,,เขตประเวศ,bangkok-prawet,เฉลิมพระเกียรติ ร.๙,เฉลิมพระเกียรติ ร.๙,แยกศรีอุดมขาเข้า,20,470,121.5
2025-10-04,,เขตบางขุนเทียน,bangkok-bang-khun-thian,ท่าข้าม,ท่าข้าม,ช่วงซอยท่าข้าม 3,15,195,67
2025-10-04,,เขตลาดกระบัง,bangkok-lat-krabang,หลวงแพ่ง,หลวงแพ่ง,ช่วงโลตัสลาดกระบัง,15,125,74.5
2025-10-04,,เขตบางบอน,bangkok-bang-bon,เอกชัย,เอกชัย,หน้าโรงพยาบาลสหวิทยาการมะลิ,15,70,34.5
2025-10-04,,เขตลาดกระบัง,bangkok-lat-krabang,ลาดกระบัง,ลาดกระบัง,ซอยลาดกระบัง 30/1,20,125,74.5
2025-10-04,,เขตประเวศ,bangkok-prawet,เฉลิมพระเกียรติ ร.๙,เฉลิมพระเกียรติ ร.๙,แยกศรีอุดมขาออก,20,470,121.5
2025-10-04,,เขตประเวศ,bangkok-prawet,ศรีนครินทร์,ศรีนครินทร์,หน้าซีคอน ศรีนครินทร์,20,124,121.5
2025-10-04,,เขตบางขุนเทียน,bangkok-bang-khun-thian,ท่าข้าม,ท่าข้าม,ซอย8-6,15,170,67
2025-10-06,,เขตบางบอน,bangkok-bang-bon,บางขุนเทียน,บางขุนเทียน,ช่วงตรงข้ามบางขุนเทียน 10,20,425,98.5
2025-10-06,,เขตบางขุนเทียน,bangkok-bang-khun-thian,บางกระดี่,บางกระดี่,ถนนพระราม 2 - ซอยบางกระดี่ 8,20,190,98.5
2025-10-06,,เขตบางขุนเทียน,bangkok-bang-khun-thian,ท่าข้าม,ท่าข้าม,ซอยท่าข้าม 3,15,340,98.5
2025-10-06,,เขตบางบอน,bangkok-bang-bon,เอกชัย,เอกชัย,เอกชัย 87,30,355,63.5
2025-10-06,,เขตบางบอน,bangkok-bang-bon,เอกชัย,เอกชัย,บิ๊กซีบางบอน,15,105,63.5
2025-10-06,,เขตบางบอน,bangkok-bang-bon,เอกชัย,เอกชัย,ซอยเอกชัย 62/1,20,180,63.5
2025-10-06,,เขตประเวศ,bangkok-prawet,เฉลิมพระเกียรติ ร.๙,เฉลิมพระเกียรติ ร.๙,ช่วงซอยเฉลิมพระเกียรติ ร.9 40,15,80,50
2025-10-06,,เขตบางนา,bangkok-bang-na,สุขุมวิท,สุขุมวิท,ช่วงแบริ่ง (ขาเข้า),20,95,78
2025-10-06,,เขตประเวศ,bangkok-prawet,อ่อนนุช,อ่อนนุช,ช่วงซอยอ่อนนุช 59,,230,50
2025-10-06,,เขตบางนา,bangkok-bang-na,บางนา-ตราด,บางนา-ตราด,ช่วงแยกบางนา,15,30,78
2025-10-06,,เขตบางนา,bangkok-bang-na,สุขุมวิท,สุขุมวิท,แบริ่งขาออก,15,95,78
2025-10-07,,เขตบางบอน,bangkok-bang-bon,บางขุนเทียน,บางขุนเทียน,ช่วงตรงข้ามซอยบางขุนเทียน10,15,15,34
2025-10-07,,เขตบางขุนเทียน,bangkok-bang-khun-thian,บางกระดี่,บางกระดี่,ถนนพระราม2 - ปากซอยบางกระดี่ 8,15,75,36.5
2025-10-07,,เขตบางกะปิ,bangkok-bang-kapi,นวมินทร์,นวมินทร์,ช่วงแยกบางกะปิ,15,120,99.5
2025-10-07,,เขตคันนายาว,bangkok-khan-na-yao,เสรีไทย,เสรีไทย,ช่วงนิคมฯบางชัน,15,65,77
2025-10-07,,เขตบึงกุ่ม,bangkok-bung-kum,นวมินทร์,นวมินทร์,ช่วงซอยนวมินทร์ 155,10,35,78
2025-10-07,,เขตบึงกุ่ม,bangkok-bung-kum,นวมินทร์,นวมินทร์,ซอยนวมินทร์ 38,10,60,78
2025-10-07,,เขตวังทองหลาง,bangkok-wang-thonglang,ลาดพร้าว,ลาดพร้าว,ซอยลาดพร้าว 89,10,65,34
2025-10-07,,เขตวังทองหลาง,bangkok-wang-thonglang,ลาดพร้าว,ลาดพร้าว,ซอยลาดพร้าว110 - 112,10,30,34
2025-10-07,,เขตบางกะปิ,bangkok-bang-kapi,ศรีนครินทร์,ศรีนครินทร์,ช่วงแยกลำสาลี,10,50,99.5
2025-10-07,,เขตลาดกระบัง,bangkok-lat-krabang,ลาดกระบัง,ลาดกระบัง,ตลาดนำชัย,15,140,49
2025-10-07,,เขตประเวศ,bangkok-prawet,อ่อนนุช,อ่อนนุช,ซอยอ่อนนุช59,15,320,62.5
2025-10-07,,เขตสวนหลวง,bangkok-suan-luang,พัฒนาการ,พัฒนาการ,ฝั่งขาเข้าแยกศรีนคริทร์ - แยกอนามัย,20,30,65.5
2025-10-07,,เขตสวนหลวง,bangkok-suan-luang,พัฒนาการ,พัฒนาการ,ฝั่งขาออกโลตัส - ศูนย์เบนซ์,20,30,65.5
2025-10-07,,เขตสวนหลวง,bangkok-suan-luang,ศรีนครินทร์,ศรีนครินทร์,ถนนกำแพงเพชร7,15,110,65.5
2025-10-09,,เขตคลองเตย,bangkok-khlong-toei,สุขุมวิท26,สุขุมวิท 26,สุขุมวิท 26,20,150,47.5
2025-10-09,,เขตคลองเตย,bangkok-khlong-toei,พระรามที่4,พระราม 4,หน้าช่อง 3,10,70,47.5
2025-10-09,,เขตวัฒนา,bangkok-watthana,สุขุมวิท 71,สุขุมวิท 71,ตลอดซอยสุขุมวิท 71,20,100,47.5
2025-10-09,,เขตคลองเตย,bangkok-khlong-toei,สุขุมวิท,สุขุมวิท,สุขุมวิท 24 ช่วงซอยเมธีนิเวศม์,15,80,47.5
2025-10-10,,เขตบางขุนเทียน,bangkok-bang-khun-thian,บางกระดี่,บางกระดี่,ช่วงซอยบางกระดี่ 3ถึงซอยบางกระดี่ 9,20,115,27.5
2025-10-11,,เขตสายไหม,bangkok-sai-mai,พหลโยธิน,พหลโยธิน,ช่วงซอยพหลโยธิน60/1,25,40,39.5
2025-10-12,,เขตบางกอกใหญ่,bangkok-yai,เพชรเกษม,เพชรเกษม,ช่วงซอยอุดมศรี,10,25,77
2025-10-12,,เขตราชเทวี,bangkok-ratchathewi,บรรทัดทอง,บรรทัดทอง,ช่วงถนนเพชรบุรี,15,120,43
2025-10-12,,เขตสัมพันธวงศ์,bangkok-samphanthawong,เจริญกรุง,เจริญกรุง,แยกแปลงนาม,15,35,71.5
2025-10-12,,เขตสัมพันธวงศ์,bangkok-samphanthawong,ราชวงศ์,ราชวงศ์,ช่วงหน้าโรงแรมแกรนด์,20,65,71.5
2025-10-12,,เขตสัมพันธวงศ์,bangkok-samphanthawong,เยาวราช,เยาวราช,แยกราชวงศ์,10,30,71.5
2025-10-12,,เขตลาดกระบัง,bangkok-lat-krabang,หลวงแพ่ง,หลวงแพ่ง,ช่วงโลตัสลาดกระบัง,15,140,66.5
2025-10-12,,เขตประเวศ,bangkok-prawet,อ่อนนุช,อ่อนนุช,ช่วงซอยอ่อนนุช 59 ขาออก,15,105,49.5
2025-10-12,,เขตประเวศ,bangkok-prawet,อ่อนนุช,อ่อนนุช,ช่วงซอยอ่อนนุช 59 ขาเข้า,15,105,49.5
2025-10-12,,เขตลาดกระบัง,bangkok-lat-krabang,ลาดกระบัง,ลาดกระบัง,แยกสุวรรณภูมิ,15,90,66.5
2025-10-13,,เขตบางแค,bangkok-bang-khae,เพชรเกษม,เพชรเกษม,แยกวงแหวนกาญจนาภิเษก,15,40,57.5
2025-10-13,,เขตบางแค,bangkok-bang-khae,เพชรเกษม,เพชรเกษม,ช่วงซอยวัดม่วง - ลำรางสาธารณะ,25,50,57.5
2025-10-13,,เขตบางแค,bangkok-bang-khae,หมู่บ้านเศรษฐกิจ,หมู่บ้านเศรษฐกิจ,ช่วงซอยเศรษฐกิจ 5,10,140,57.5
2025-10-13,,เขตบางแค,bangkok-bang-khae,เพชรเกษม (ซอย 69 อินทาปัจ) (หนองแขม),เพชรเกษม (ซอย 69 อินทาปัจ) (หนองแขม),ช่วงซอยอินทปัจ 13,20,360,57.5
2025-10-13,,เขตลาดกระบัง,bangkok-lat-krabang,ลาดกระบัง,ลาดกระบัง,แยกกิ่งแก้ว,20,450,48
2025-10-13,,เขตลาดกระบัง,bangkok-lat-krabang,ลาดกระบัง,ลาดกระบัง,แยกสุขสมาน,20,150,48
2025-10-13,,เขตลาดกระบัง,bangkok-lat-krabang,หลวงแพ่ง,หลวงแพ่ง,โลตัสลาดกระบัง,10,105,48
2025-10-13,,เขตประเวศ,bangkok-prawet,อ่อนนุช,อ่อนนุช,อ่อนนุช 59 ขาเข้า,20,85,43
2025-10-13,,เขตประเวศ,bangkok-prawet,อ่อนนุช,อ่อนนุช,อ่อนนุช 59 ขาออก,20,85,43
2025-10-13,,เขตลาดกระบัง,bangkok-lat-krabang,ลาดกระบัง,ลาดกระบัง,ตลาดนำชัย - ปั้มบางจาก,20,180,48
2025-10-13,,เขตลาดกระบัง,bangkok-lat-krabang,ลาดกระบัง,ลาดกระบัง,คลองบัวลอย - คลองบัวเกราะ,20,110,48
2025-10-13,,เขตสายไหม,bangkok-sai-mai,สุขาภิบาล 5,สุขาภิบาล 5,ทางเข้าตลาดออเงิน,15,30,39.5
2025-10-14,,เขตประเวศ,bangkok-prawet,อ่อนนุช,อ่อนนุช,ช่วงซอยอ่อนนุช 59,15,95,34
2025-10-14,,เขตลาดพร้าว,bangkok-lat-phrao,สุคนธสวัสดิ์,สุคนธสวัสดิ์,ช่วงตรงข้าม ซ.สุคนธสวัสดิ์25/2,20,415,54
2025-10-14,,เขตวัฒนา,bangkok-watthana,สุขุมวิท 39,สุขุมวิท 39,ช่วงซอยพร้อมมิตร,25,45,44.5
2025-10-14,,เขตหลักสี่,bangkok-lak-si,แจ้งวัฒนะ,แจ้งวัฒนะ,แจ้งวัฒนะ10,10,100,54
2025-10-14,,เขตบางคอแหลม,bangkok-bang-kho-laem,เจริญกรุง,เจริญกรุง,แยกเจริญกรุง- ถนนตก,20,282,41.5
2025-10-14,,เขตบางคอแหลม,bangkok-bang-kho-laem,พระรามที่ 3,พระราม 3,พระราม3-แยกถนนตก,20,105,41.5
2025-10-15,,เขตดอนเมือง,bangkok-don-mueang,ช่างอากาศอุทิศ,ช่างอากาศอุทิศ,ซอยช่างอากาศอุทิศ 15,10,410,24
2025-10-15,,เขตบึงกุ่ม,bangkok-bung-kum,นวมินทร์,นวมินทร์,ช่วงซอยนวมินทร์ 155,15,25,39
2025-10-15,,เขตลาดพร้าว,bangkok-lat-phrao,สุคนธสวัสดิ์,สุคนธสวัสดิ์,ตรงข้ามซอยสุคนธสวัสดิ์ 25/2,10,185,35.5
2025-10-19,,เขตดินแดง,bangkok-din-daeng,ประชาสุข,ประชาสุข,ซอยอินทามระ34,15,20,38
2025-11-01,,เขตบางกะปิ,bangkok-bang-kapi,รามคำแหง,รามคำแหง,ปากซอยรามคำแหง 20,10,90,102.5
2025-11-01,,เขตบางกะปิ,bangkok-bang-kapi,หัวหมาก,หัวหมาก,ช่วงซอยรามคำแหง 24 แยก 18,15,75,102.5
2025-11-01,,เขตวังทองหลาง,bangkok-wang-thonglang,ลาดพร้าว,ลาดพร้าว,ช่วงปากซอยลาดพร้าว 110,15,50,75
2025-11-01,,เขตบางกะปิ,bangkok-bang-kapi,รามคำแหง,รามคำแหง,ช่วงซอยรามคำแหง 33,15,70,102.5
2025-11-01,,เขตลาดพร้าว,bangkok-lat-phrao,สุคนธสวัสดิ์,สุคนธสวัสดิ์,ช่วงตรงข้ามซอยสุคนธสวัสดิ์ 25/2,15,140,75
2025-11-01,,เขตบางนา,bangkok-bang-na,สุขุมวิท,สุขุมวิท,แบริ่ง ขาออก,20,170,102.5
2025-11-01,,เขตบางนา,bangkok-bang-na,สุขุมวิท,สุขุมวิท,แบริ่ง ขาเข้า,20,170,102.5
2025-11-01,,เขตดอนเมือง,bangkok-don-mueang,ช่างอากาศอุทิศ,ช่างอากาศอุทิศ,หน้าซีเจ มินิมาร์ท,20,4980,39
2025-11-02,,เขตลาดกระบัง,bangkok-lat-krabang,หลวงแพ่ง,หลวงแพ่ง,ช่วงโลตัสลาดกระบัง,15,155,53.5
2025-11-02,,เขตบางแค,bangkok-bang-khae,เพชรเกษม (ซอย 69 อินทาปัจ) (หนองแขม),เพชรเกษม (ซอย 69 อินทาปัจ) (หนองแขม),อินทาปัจ  13,20,146,64.5
2025-11-02,,เขตดอนเมือง,bangkok-don-mueang,วิภาวดีรังสิต,วิภาวดีรังสิต,ช่วงแยกถนนกำแพงเพชร 6,10,690,71.5
2025-11-02,,เขตหลักสี่,bangkok-lak-si,งามวงศ์วาน,งามวงศ์วาน,แยกพงษ์เพชร,20,415,131.5
2025-11-02,,เขตดอนเมือง,bangkok-don-mueang,ช่างอากาศอุทิศ,ช่างอากาศอุทิศ,ช่วงซอยช่างอากาศอุทิศ 15,15,3545,71.5
2025-11-02,,เขตลาดกระบัง,bangkok-lat-krabang,ฉลองกรุง,ฉลองกรุง,ถ.คู่ขนานมอเตอร์เวย์ตัดเข้าถนนฉลองกรุง,20,60,77.5
2025-11-02,,เขตสายไหม,bangkok-sai-mai,พหลโยธิน,พหลโยธิน,ช่วงซอยพหลโยธิน 60/1,30,275,66
2025-11-02,,เขตหลักสี่,bangkok-lak-si,แจ้งวัฒนะ,แจ้งวัฒนะ,หน้าศาลปกครองกลาง,15,185,131.5
2025-11-02,,เขตจตุจักร,bangkok-chatuchak,เทศบาลสงเคราะห์,เทศบาลสงเคราะห์,ช่วงตลาดประชานิเวศน์,20,140,96
2025-11-02,,เขตดินแดง,bangkok-din-daeng,ประชาสุข,ประชาสุข,ช่วงซอยอินทามระ 34,20,195,43
2025-11-02,,เขตลาดพร้าว,bangkok-lat-phrao,โชคชัย 4,โชคชัย 4,ช่วงซอยโชคชัย 30-40,15,300,52
2025-11-02,,เขตจตุจักร,bangkok-chatuchak,รัชดาภิเษก,รัชดาภิเษก,ช่วงมหาวิทยาลัยราชภัฏจันทรเกษม,20,335,96
2025-11-02,,เขตดินแดง,bangkok-din-daeng,รัชดาภิเษก,รัชดาภิเษก,แยกเทียมร่วมมิตร,10,45,43
2025-11-02,,เขตหลักสี่,bangkok-lak-si,แจ้งวัฒนะ,แจ้งวัฒนะ,ช่วงหน้า TOT - มทบ.11,20,135,131.5
2025-11-02,,เขตวังทองหลาง,bangkok-wang-thonglang,ลาดพร้าว,ลาดพร้าว,ช่วงซอยลาดพร้าว 110,20,220,89
2025-11-02,,เขตจตุจักร,bangkok-chatuchak,พหลโยธิน,พหลโยธิน,ช่วงแยกเกษตร,20,260,96
2025-11-02,,เขตดินแดง,bangkok-din-daeng,ประชาสงเคราะห์,ประชาสงเคราะห์,หอนาฬิกา ช่วงหน้าตลาดห้วยขวาง,15,115,43
2025-11-02,,เขตดินแดง,bangkok-din-daeng,ประชาสงเคราะห์,ประชาสงเคราะห์,ช่วงซอยเปรมสมบัติ แยก 33,15,85,43
2025-11-02,,เขตจตุจักร,bangkok-chatuchak,รัชดาภิเษก,รัชดาภิเษก,ช่วงสถานีตำรววจนครบาลพหลโยธิน,20,200,96
2025-11-02,,เขตลาดพร้าว,bangkok-lat-phrao,นาคนิวาส,นาคนิวาส,ช่วงซอยนาคนิวาส 38,15,55,52
2025-11-02,,เขตจตุจักร,bangkok-chatuchak,เสนานิคม,เสนานิคม,ช่วงเสนานิคม 1 ซอย 15,15,205,96
2025-11-02,,เขตวัฒนา,bangkok-watthana,สุขุมวิท 39,สุขุมวิท 39,ช่วงซอยพร้อมมิตร,15,140,85.5
2025-11-02,,เขตห้วยขวาง,bangkok-huai-khwang,ประชาราษฎร์บำเพ็ญ,ประชาราษฎร์บำเพ็ญ,ตัดถนนรัชดา - สามแยกหน้าสำนักงานเขตห้วยขวาง,15,365,84.5
2025-11-02,,เขตบางเขน,bangkok-bang-khen,พหลโยธิน,พหลโยธิน,ช่วงหน้า สน. บางเขน,15,90,50
2025-11-02,,เขตประเวศ,bangkok-prawet,อ่อนนุช,อ่อนนุช,ช่วงซอยอ่อนนุช 59,20,3505,62.5
2025-11-02,,เขตบางรัก,bangkok-bang-rak,ศาลาแดง,ศาลาแดง,ช่วงซอย ศาลาแดง 1/1,15,160,36.5
2025-11-02,,เขตบางกะปิ,bangkok-bang-kapi,รามคำแหง,รามคำแหง,ช่วงซอยตรงข้าม รามคำแหง 43,20,420,83
2025-11-02,,เขตบางกะปิ,bangkok-bang-kapi,หัวหมาก,หัวหมาก,ช่วงซอยรามคำแหง 24 แยก 18,15,330,83
2025-11-02,,เขตวัฒนา,bangkok-watthana,สุขุมวิท,สุขุมวิท,สุขุมวิท 31 ชุมชุนหน้าโรงเรียนสวัสดี,15,85,85.5
2025-11-02,,เขตวัฒนา,bangkok-watthana,สุขุมวิท 71,สุขุมวิท 71,ช่วงซอย 12 -20,20,170,85.5
2025-11-02,,เขตจตุจักร,bangkok-chatuchak,พหลโยธิน,พหลโยธิน,แยกรัชดา - ห้าแยกลาดพร้าว (ทั้ง2 ฝั่ง),15,330,96
2025-11-02,,เขตสวนหลวง,bangkok-suan-luang,พัฒนาการ,พัฒนาการ,ช่วงธนาคารกรุงไทย,20,125,53.5
2025-11-02,,เขตจตุจักร,bangkok-chatuchak,รัชดาภิเษก,รัชดาภิเษก,ช่วงแยกลาดพร้าว (หน้าธนาคารกรุงเทพ),15,190,96
2025-11-02,,เขตบางนา,bangkok-bang-na,สุขุมวิท,สุขุมวิท,ช่วงแบริ่ง,15,70,116.5
2025-11-02,,เขตลาดกระบัง,bangkok-lat-krabang,ลาดกระบัง,ลาดกระบัง,แยกกิ่งแก้ว,15,75,77.5
2025-11-02,,เขตบางกะปิ,bangkok-bang-kapi,ศรีนครินทร์,ศรีนครินทร์,ช่วงแยกลำสาลี,15,50,83
2025-11-02,,เขตคลองเตย,bangkok-khlong-toei,พระราม 4,พระราม 4,ช่วงซอย 7 - แยกสุขุมวิท,15,60,105.5
2025-11-02,,เขตห้วยขวาง,bangkok-huai-khwang,ประชาอุทิศ,ประชาอุทิศ,ปากซอยประชาราษฎร์บำเพ็ญ - ประชาอุทิศ 2,20,360,84.5
2025-11-02,,เขตประเวศ,bangkok-prawet,เฉลิมพระเกียรติ ร.๙,เฉลิมพระเกียรติ ร.๙,ช่วงซ.เฉลิมพระเกียรติ ร.9 40,20,270,62.5
2025-11-03,,เขตจตุจักร,bangkok-chatuchak,เทศบาลสงเคราะห์,เทศบาลสงเคราะห์,ช่วงตลาดประชานิเวศน์,20,80,65.5
2025-11-03,,เขตลาดกระบัง,bangkok-lat-krabang,ลาดกระบัง,ลาดกระบัง,ช่วง ซ.ลาดกระบัง 30/1 *,15,140,42.5
2025-11-03,,เขตบึงกุ่ม,bangkok-bung-kum,นวมินทร์,นวมินทร์,ช่วง ซ.นวมินทร์ 38 *,20,125,38
2025-11-03,,เขตบึงกุ่ม,bangkok-bung-kum,นวมินทร์,นวมินทร์,ช่วงซอย 46 (สันติอโศก),15,55,38
2025-11-03,,เขตบึงกุ่ม,bangkok-bung-kum,ประเสริฐมนูกิจ,ประเสริฐมนูกิจ,ช่วงแยกนวมินทร์ *,15,85,38
2025-11-03,,เขตมีนบุรี,bangkok-min-buri,สุวินทวงศ์,สุวินทวงศ์,ช่วง ถ.หทัยราษฎร์ *,15,100,31
2025-11-03,,เขตราชเทวี,bangkok-ratchathewi,บรรทัดทอง,บรรทัดทอง,ช่วงถนนเพชรบุรี,20,105,44.5
2025-11-03,,เขตราชเทวี,bangkok-ratchathewi,เพชรบุรี,เพชรบุรี,ช่วงแยกเพชรพระราม,15,25,44.5
2025-11-03,,เขตปทุมวัน,bangkok-pathum-wan,พระราม1,พระราม 1,ช่วงสนามกีฬาแห่งชาติ,15,40,60.5
2025-11-03,,เขตราชเทวี,bangkok-ratchathewi,พระรามที่ 6,พระราม 6,กรมทางหลวง,15,36,44.5
2025-11-03,,เขตบางรัก,bangkok-bang-rak,ศาลาแดง,ศาลาแดง,ช่วง ซ.ศาลาแดง 1/1 *,15,60,51.5
2025-11-03,,เขตราชเทวี,bangkok-ratchathewi,ศรีอยุธยา,ศรีอยุธยา,หน้าโรงเรียนสันติราษฎร์,15,11,44.5
2025-11-03,,เขตบางนา,bangkok-bang-na,สุขุมวิท,สุขุมวิท,ช่วงแบริ่ง,20,75,52
2025-11-13,,เขตบึงกุ่ม,bangkok-bung-kum,นวมินทร์,นวมินทร์,ช่วงซอย 46 (สันติอโศก),20,55,46.5
2025-11-13,,เขตบึงกุ่ม,bangkok-bung-kum,นวมินทร์,นวมินทร์,ช่วงซอยนวมิทร์ 38,20,90,46.5
2025-11-13,,เขตวังทองหลาง,bangkok-wang-thonglang,ลาดพร้าว,ลาดพร้าว,ช่วงซอยลาดพร้าว 110,20,50,58.5
2025-11-13,,เขตบึงกุ่ม,bangkok-bung-kum,นวมินทร์,นวมินทร์,ช่วงซอยนวมินทร์ 155,20,35,46.5
2025-11-13,,เขตดินแดง,bangkok-din-daeng,ประชาสุข,ประชาสุข,ช่วงซอยอินทามระ 34,20,285,73.5
2025-11-13,,เขตดินแดง,bangkok-din-daeng,รัชดาภิเษก,รัชดาภิเษก,แยกเทียมร่วมมิตร,25,80,73.5
2025-11-13,,เขตจตุจักร,bangkok-chatuchak,รัชดาภิเษก,รัชดาภิเษก,แยกรัชโยธินแยกลาดพร้าว (ขาออก),20,290,75
2025-11-13,,เขตลาดพร้าว,bangkok-lat-phrao,โชคชัย 4,โชคชัย 4,ช่วงซอยโชคชัย 40,20,210,58.5
2025-11-13,,เขตห้วยขวาง,bangkok-huai-khwang,ประชาอุทิศ,ประชาอุทิศ,ช่วงตรงข้ามสำนักงานเขตห้วยขวาง,15,320,81.5
2025-11-13,,เขตดินแดง,bangkok-din-daeng,ประชาสงเคราะห์,ประชาสงเคราะห์,ตลาดห้วยขวาง,25,155,73.5
2025-11-13,,เขตห้วยขวาง,bangkok-huai-khwang,ประชาราษฎร์บำเพ็ญ,ประชาราษฎร์บำเพ็ญ,ช่วงซอยประชาราษฏร์บำเพ็ญ 14,10,290,81.5
2025-11-13,,เขตจตุจักร,bangkok-chatuchak,รัชดาภิเษก,รัชดาภิเษก,แยกรัชโยธินแยกลาดพร้าว (ขาเข้า),50,285,75
2025-11-13,,เขตพญาไท,bangkok-phaya-thai,สุทธิสารวินิจฉัย,สุทธิสารวินิจฉัย,ถนนวิภาวดี - ถนนพหลโยธิน,20,165,80
2025-11-13,,เขตดินแดง,bangkok-din-daeng,ดินแดง,ดินแดง,หน้าโรงเรียนพิบูลประชาสรรค์,20,250,73.5
2025-11-13,,เขตราชเทวี,bangkok-ratchathewi,นิคมมักกะสัน,นิคมมักกะสัน,แยกราชปรารภ,25,190,96.5
2025-11-13,,เขตพญาไท,bangkok-phaya-thai,พหลโยธิน,พหลโยธิน,ช่วง big C สะพานควาย,20,75,80
2025-11-13,,เขตพญาไท,bangkok-phaya-thai,ประดิพัทธ์,ประดิพัทธ์,ช่วงสะพานควาย,25,160,80
2025-11-13,,เขตห้วยขวาง,bangkok-huai-khwang,ประชาราษฎร์บำเพ็ญ,ประชาราษฎร์บำเพ็ญ,ช่วงสี่แยกห้วยขวาง,20,160,81.5
2025-11-13,,เขตดินแดง,bangkok-din-daeng,ดินแดง,ดินแดง,ซอยสุทธิพร 2,20,75,73.5
2025-11-13,,เขตพญาไท,bangkok-phaya-thai,พหลโยธิน,พหลโยธิน,ช่วงซอยสายลม,20,230,80
2025-11-13,,เขตราชเทวี,bangkok-ratchathewi,บรรทัดทอง,บรรทัดทอง,ช่วงถนนเพชรบุรี,20,145,96.5
2025-11-13,,เขตพญาไท,bangkok-phaya-thai,พหลโยธิน,พหลโยธิน,ช่วงตรงข้ามซอยพหลโยธิน 9,20,130,80
2025-11-13,,เขตจตุจักร,bangkok-chatuchak,เทศบาลสงเคราะห์,เทศบาลสงเคราะห์,ช่วงตลาดประชานิเวศน์,20,85,75
2025-11-13,,เขตพญาไท,bangkok-phaya-thai,ศรีอยุธยา,ศรีอยุธยา,หน้าโรงเรียนศรีอยุธยา,20,70,80
2025-11-13,,เขตจตุจักร,bangkok-chatuchak,พหลโยธิน,พหลโยธิน,ช่วงหน้ากรมขนส่งทางบก,15,135,75
2025-11-13,,เขตพญาไท,bangkok-phaya-thai,พหลโยธิน,พหลโยธิน,ช่วงหน้าสนามเป้า,20,165,80
2025-11-13,,เขตราชเทวี,bangkok-ratchathewi,พญาไท,พญาไท,หน้ากรมปศุสัตว์,15,185,96.5
2025-11-13,,เขตพญาไท,bangkok-phaya-thai,พระรามที่ 6,พระราม 6,ช่วงทางด่วน,15,70,80
2025-11-13,,เขตราชเทวี,bangkok-ratchathewi,เพชรบุรี,เพชรบุรี,แยกมิตรสัมพันธ์ - อโศก,15,75,96.5
2025-11-13,,เขตคลองเตย,bangkok-khlong-toei,สุขุมวิท26,สุขุมวิท 26,ช่วงถนนสุขุมวิท,10,90,76.5
2025-11-13,,เขตคลองเตย,bangkok-khlong-toei,พระรามที่4,พระราม 4,สุขุมวิท 22 (ด้านถนนพระรามที่ 4),20,75,76.5
2025-11-13,,เขตคลองเตย,bangkok-khlong-toei,พระรามที่ 3,พระราม 3,ช่วงทางรถไฟ,15,105,76.5
2025-11-13,,เขตบางกอกน้อย,bangkok-noi,อิสรภาพ,อิสรภาพ,ช่วงหน้าตลาดพรานนก,15,75,91.5
2025-11-13,,เขตปทุมวัน,bangkok-pathum-wan,พญาไท,พญาไท,ช่วงมาบุญครอง,20,125,111.5
2025-11-13,,เขตสาทร,bangkok-sathorn,สาธุประดิษฐ์,สาธุประดิษฐ์,สาธุประดิษฐ์ ซอย 2,20,85,47.5
2025-11-13,,เขตวัฒนา,bangkok-watthana,สุขุมวิท,สุขุมวิท,ช่วงซอยสุขุมวิท 31 หน้าโรงเรียนสวัสดี,15,75,22.5
2025-11-13,,เขตบางขุนเทียน,bangkok-bang-khun-thian,บางกระดี่,บางกระดี่,ช่วงหน้าตลาดบางกระดี่,20,40,40
2025-11-13,,เขตคลองเตย,bangkok-khlong-toei,สุขุมวิท,สุขุมวิท,ช่วงซอยสุขุวิท 26 ช่วงซอยอรรถกวี 3,20,95,76.5
2025-11-13,,เขตดินแดง,bangkok-din-daeng,วิภาวดีรังสิต,วิภาวดีรังสิต,วิภาวดีขาออก (ช่วงกรมทหาราบที่ 1),25,70,73.5
2025-11-13,,เขตราชเทวี,bangkok-ratchathewi,พระรามที่ 6,พระราม 6,ช่วงพิพิธภัณฑ์กรมทางหลวง,15,125,96.5
2025-11-13,,เขตดุสิต,bangkok-dusit,ราชวิถี,ราชวิถี,เชิงสะพานกรุงธนบุรี,15,45,49
2025-11-13,,เขตปทุมวัน,bangkok-pathum-wan,พระราม1,พระราม 1,ช่วงสนามกีฬาแห่งชาติ,20,175,111.5
2025-11-13,,เขตราชเทวี,bangkok-ratchathewi,ศรีอยุธยา,ศรีอยุธยา,ช่วงหน้าโรงเรียนสันติราษฎร์วิทยาลัย,20,185,96.5
2025-11-13,,เขตป้อมปราบศัตรูพ่าย,bangkok-pom-prap-sattru-phai,หลานหลวง,หลานหลวง,หน้าธนาคารกรุงไทย,15,55,62
2025-11-13,,เขตจตุจักร,bangkok-chatuchak,งามวงศ์วาน,งามวงศ์วาน,แยกเกษตร,15,145,75
2025-11-13,,เขตปทุมวัน,bangkok-pathum-wan,พระราม1,พระราม 1,ช่วงวัดปทุมวนาราม,15,60,111.5
2025-11-13,,เขตคลองเตย,bangkok-khlong-toei,พระรามที่ 3,พระราม 3,ช่วงทางรถไฟ,20,110,76.5
2025-11-13,,เขตสาทร,bangkok-sathorn,จันทน์,จันทน์,ช่วงซอยจันทน์ 29,10,70,47.5
2025-11-13,,เขตจตุจักร,bangkok-chatuchak,พหลโยธิน,พหลโยธิน,แยกเกษตร - แยกเสนา,15,180,75
2025-11-13,,เขตราชเทวี,bangkok-ratchathewi,บรรทัดทอง,บรรทัดทอง,แยกเพชรพระราม,20,110,96.5
2025-11-13,,เขตปทุมวัน,bangkok-pathum-wan,ราชดำริ,ราชดำริ,หน้าโรงพยาบาลตำรวจ,30,160,111.5
2025-11-13,,เขตราชเทวี,bangkok-ratchathewi,ศรีอยุธยา,ศรีอยุธยา,หน้า สน.พญาไท,15,135,96.5
2025-11-13,,เขตหลักสี่,bangkok-lak-si,งามวงศ์วาน,งามวงศ์วาน,แยกพงษ์เพชร,20,90,75
2025-11-13,,เขตห้วยขวาง,bangkok-huai-khwang,เพชรบุรีตัดใหม่,เพชรบุรีตัดใหม่,ช่วงสิงห์คอมเพล็กซ์,20,80,81.5
2025-11-13,,เขตดินแดง,bangkok-din-daeng,ประชาสงเคราะห์,ประชาสงเคราะห์,ช่วงซอยเปรมสมบัติ แยก 33,15,90,73.5
2025-11-13,,เขตดินแดง,bangkok-din-daeng,รัชดาภิเษก,รัชดาภิเษก,หน้าสถานฑูตจีน,15,55,73.5
2025-11-13,,เขตบางรัก,bangkok-bang-rak,ศาลาแดง,ศาลาแดง,ช่วงซอยศาลาแดง 1/1,20,290,54
2025-11-13,,เขตจตุจักร,bangkok-chatuchak,รัชดาภิเษก,รัชดาภิเษก,ช่วงหน้าสถานีตำรวจนครบาลพหลโยธิน,20,185,75
2025-12-05,,เขตภาษีเจริญ,bangkok-phasi-charoen,เพชรเกษม,เพชรเกษม,ซ.เพชรเกษม 42 *,10,40,30.5
2026-02-08,,เขตลาดกระบัง,bangkok-lat-krabang,หลวงแพ่ง,หลวงแพ่ง,ช่วงโลตัสลาดกระบัง,20,225,48
2026-02-08,,เขตบึงกุ่ม,bangkok-bung-kum,นวมินทร์,นวมินทร์,ช่วงซอยนวมินทร์ 105,10,55,36.5
2026-02-08,,เขตบึงกุ่ม,bangkok-bung-kum,นวมินทร์,นวมินทร์,ช่วงซอยนวมินทร์ 38,15,55,36.5
2026-02-08,,เขตบึงกุ่ม,bangkok-bung-kum,นวมินทร์,นวมินทร์,ช่วงซอย46 สันติอโศก,15,30,36.5
2026-02-08,,เขตบางกะปิ,bangkok-bang-kapi,นวมินทร์,นวมินทร์,แยกบางกะปิ,10,80,24.5
2026-02-08,,เขตลาดพร้าว,bangkok-lat-phrao,สุคนธสวัสดิ์,สุคนธสวัสดิ์,ช่วงตรงข้ามสุคนธสวัสดิ์25/2,10,30,45
2026-02-08,,เขตวังทองหลาง,bangkok-wang-thonglang,ลาดพร้าว,ลาดพร้าว,ซอยลาดพร้าว110,10,30,45
2026-02-08,,เขตดินแดง,bangkok-din-daeng,ประชาสุข,ประชาสุข,ช่วงซอยอินทามระ 34,20,45,41
2026-02-08,,เขตห้วยขวาง,bangkok-huai-khwang,ประชาอุทิศ,ประชาอุทิศ,ตรงข้าม สนข ห้วยขวาง,15,105,40
2026-02-08,,เขตจตุจักร,bangkok-chatuchak,พหลโยธิน,พหลโยธิน,หน้า ม.เกษตรศาสตร์ขาออก,10,20,34
2026-03-12,,เขตสวนหลวง,bangkok-suan-luang,พัฒนาการ,พัฒนาการ,อุโมงค์พระราม 9 ขาออก,15,100,25.5
2026-03-12,,เขตมีนบุรี,bangkok-min-buri,สุวินทวงศ์,สุวินทวงศ์,หน้าเรือนจำพิเศษมีนบุรี,15,150,57
2026-04-26,,เขตบางเขน,bangkok-bang-khen,รามอินทรา,รามอินทรา,รามอินทรา ซอย5,15,75,51
2026-04-26,,เขตบางเขน,bangkok-bang-khen,แจ้งวัฒนะ,แจ้งวัฒนะ,หน้ามหาวิทยาลัยราชภัฏพระนคร,15,65,50
2026-04-26,,เขตบางเขน,bangkok-bang-khen,พหลโยธิน,พหลโยธิน,หน้าสน.บางเขน,15,100,51
2026-04-26,,เขตหลักสี่,bangkok-lak-si,เเจ้งวัฒนะ,เเจ้งวัฒนะ,หน้าโลตัสแจ้งวัฒนะ (ขาเข้า),15,70,50
2026-05-01,,เขตจตุจักร,bangkok-chatuchak,รัชดาภิเษก,รัชดาภิเษก,ช่วงหน้ามหาวิทยาลัยราชภัฎจันทร์เกษม,15,35,48
2026-05-01,,เขตบางเขน,bangkok-bang-khen,รามอินทรา,รามอินทรา,ช่วงซอยรามอินทรา 5,15,160,57
2026-05-01,,เขตบางเขน,bangkok-bang-khen,แจ้งวัฒนะ,แจ้งวัฒนะ,ช่วงหน้ามหาวิทยาลัยราชภัฏพระนคร,15,65,57
2026-05-02,,เขตบึงกุ่ม,bangkok-bung-kum,นวมินทร์,นวมินทร์,ช่วงซอยนวมินทร์ 155,15,60,43
2026-05-02,,เขตบางกะปิ,bangkok-bang-kapi,นวมินทร์,นวมินทร์,ช่วงแยกบางกะปิ,15,30,43
2026-05-04,,เขตบางเขน,bangkok-bang-khen,รามอินทรา,รามอินทรา,มหาวิทยาลัยเกริก - ซอยรามอินทรา ซอย 5,15,55,26.5
2026-05-04,,เขตบางกะปิ,bangkok-bang-kapi,นวมินทร์,นวมินทร์,ช่วงแยกบางกะปิ,10,65,36
2026-05-04,,เขตบางกะปิ,bangkok-bang-kapi,หัวหมาก,หัวหมาก,ช่วงซอยรามคำแหง 24 แยก 18,10,85,36
2026-05-04,,เขตบางกะปิ,bangkok-bang-kapi,รามคำแหง,รามคำแหง,ช่วงตรงข้ามซอยรามคำแหง 43,20,30,36
2026-05-04,,เขตบางกะปิ,bangkok-bang-kapi,รามคำแหง,รามคำแหง,ช่วงตรงข้ามซอยรามคำแหง 53,10,40,36
2026-05-04,,เขตลาดพร้าว,bangkok-lat-phrao,ลาดพร้าววังหิน,ลาดพร้าววังหิน,ช่วงซอยลาดพร้าววังหิน 64,10,25,40
2026-05-04,,เขตจตุจักร,bangkok-chatuchak,รัชดาภิเษก,รัชดาภิเษก,ช่วงหน้ามหาวิทยาลัยราชภัฏจันทรเกษม,10,20,16.5
2026-05-04,,เขตราชเทวี,bangkok-ratchathewi,เพชรบุรี,เพชรบุรี,ช่วงแยกเพชรพระราม,10,80,47
2026-05-04,,เขตราชเทวี,bangkok-ratchathewi,บรรทัดทอง,บรรทัดทอง,ช่วงถนนเพชรบุรี,20,95,47
2026-05-04,,เขตราชเทวี,bangkok-ratchathewi,นิคมมักกะสัน,นิคมมักกะสัน,แยกราชปรารภ,10,10,47
2026-05-04,,เขตราชเทวี,bangkok-ratchathewi,พระรามที่ 6,พระราม 6,ช่วงตลาดประแจจีน,15,25,47
2026-05-04,,เขตราชเทวี,bangkok-ratchathewi,พญาไท,พญาไท,กรมปศุสัตว์,15,45,47
2026-05-04,,เขตพระนคร,bangkok-phra-nakhon,ราชดำเนินกลาง,ราชดำเนินกลาง,ลานพลับพลามหาเจษฎาบดินทร์ - แยกคอกวัว,10,35,54.5
2026-05-09,,เขตคลองเตย,bangkok-khlong-toei,สุขุมวิท26,สุขุมวิท 26,ช่วงหน้าโรงแรมเดอะโฟร์วิงส์,15,30,42.5
2026-05-20,,เขตดินแดง,bangkok-din-daeng,รัชดาภิเษก,รัชดาภิเษก,แยกเทียมร่วมมิตร,10,45,45
2026-05-20,,เขตวังทองหลาง,bangkok-wang-thonglang,ลาดพร้าว,ลาดพร้าว,ช่วงปากซอยลาดพร้าว 110,10,70,47.5
2026-05-20,,เขตห้วยขวาง,bangkok-huai-khwang,ประชาราษฎร์บำเพ็ญ,ประชาราษฎร์บำเพ็ญ,ช่วงซอยประชาราษฏร์บำเพ็ญ 14,10,135,50
2026-05-20,,เขตห้วยขวาง,bangkok-huai-khwang,ประชาอุทิศ,ประชาอุทิศ,ช่วงตรงข้ามสำนักงานเขตห้วยขวาง,10,200,50
2026-05-20,,เขตราชเทวี,bangkok-ratchathewi,บรรทัดทอง,บรรทัดทอง,แยกเพชรพระราม,20,80,47
2026-05-20,,เขตราชเทวี,bangkok-ratchathewi,พระรามที่ 6,พระราม 6,ตลาดประแจจีน,15,85,47
2026-05-20,,เขตราชเทวี,bangkok-ratchathewi,ศรีอยุธยา,ศรีอยุธยา,โรงเรียนสันติราษฎร์วิทยาลัย,10,45,47
2026-05-20,,เขตราชเทวี,bangkok-ratchathewi,พญาไท,พญาไท,ตรงข้ามกรมปศุสัตว์,10,65,47
2026-05-20,,เขตราชเทวี,bangkok-ratchathewi,พระรามที่ 6,พระราม 6,หน้ากรมหลวง,10,35,47.5
2026-05-20,,เขตบางกอกน้อย,bangkok-noi,วังหลัง,วังหลัง,คลองบ้านขมิ้น - ซอยวังหลัง 7,20,155,61
2026-05-20,,เขตบางรัก,bangkok-bang-rak,ศาลาแดง,ศาลาแดง,ช่วงแยกศาลาแดง,10,75,49.5
2026-05-20,,เขตวัฒนา,bangkok-watthana,สุขุมวิท 71,สุขุมวิท 71,ช่วงซอยปรีดีพนมยงค์ 5 -15,15,15,45.5
2026-05-20,,เขตพระนคร,bangkok-phra-nakhon,จักรเพชร,จักรเพชร,หน้าวัดเลียบ,15,55,91.5
2026-05-20,,เขตพระนคร,bangkok-phra-nakhon,ราชดำเนินกลาง,ราชดำเนินกลาง,หน้าโรงเรียนสตรีวิทยา,10,10,91.5
2026-05-20,,เขตบางคอแหลม,bangkok-bang-kho-laem,ตก,ตก,แยกถนนตก - โรงพยาบาลเจริญกรุง (ทั้งสองฝั่ง),15,30,43
2026-05-30,,เขตหลักสี่,bangkok-lak-si,แจ้งวัฒนะ,แจ้งวัฒนะ,หน้าโลตัสแจ้งวัฒนะ,15,50,58.5
2026-05-30,,เขตหลักสี่,bangkok-lak-si,แจ้งวัฒนะ,แจ้งวัฒนะ,หน้ามทบ.11,15,50,58.5
2026-05-31,,เขตราชเทวี,bangkok-ratchathewi,พญาไท,พญาไท,ช่วงหน้ากรมปศุสัตว์,20,130,74
2026-05-31,,เขตราชเทวี,bangkok-ratchathewi,บรรทัดทอง,บรรทัดทอง,ช่วงถนนเพชรบุรี,20,170,74
2026-05-31,,เขตราชเทวี,bangkok-ratchathewi,นิคมมักกะสัน,นิคมมักกะสัน,แยกราชปรารภ,20,75,74
2026-05-31,,เขตปทุมวัน,bangkok-pathum-wan,พญาไท,พญาไท,หน้าห้างมาบุญครอง,15,55,90
2026-05-31,,เขตปทุมวัน,bangkok-pathum-wan,พระราม1,พระราม 1,ช่วงสถานีรถไฟฟ้าสนามกีฬาแห่งชาติ,20,150,90
2026-05-31,,เขตปทุมวัน,bangkok-pathum-wan,ราชดำริห์,ราชดำริห์,ช่วงหน้าโรงพยาบาลตำรวจ,25,120,90
2026-05-31,,เขตป้อมปราบศัตรูพ่าย,bangkok-pom-prap-sattru-phai,หลานหลวง,หลานหลวง,หน้าธนาคารกรุงไทย,15,90,84.5
2026-05-31,,เขตราชเทวี,bangkok-ratchathewi,พระรามที่ 6,พระราม 6,ช่วงหน้าตลาดประแจจีน,20,115,74
2026-05-31,,เขตราชเทวี,bangkok-ratchathewi,ศรีอยุธยา,ศรีอยุธยา,หน้าโรงเรียนศรีอยุธยา,20,55,74
2026-05-31,,เขตสาทร,bangkok-sathorn,สวนพลู,สวนพลู,หน้าตลาด,20,105,53
2026-05-31,,เขตคลองเตย,bangkok-khlong-toei,สุขุมวิท26,สุขุมวิท 26,หน้าโรงแรมโฟร์วิงส์,15,50,47
2026-05-31,,เขตปทุมวัน,bangkok-pathum-wan,หลังสวน,หลังสวน,สวนลุมพินี,20,165,90
2026-05-31,,เขตราชเทวี,bangkok-ratchathewi,ศรีอยุธยา,ศรีอยุธยา,ช่วงตัดถนนพญาไท,15,55,74
2026-05-31,,เขตพญาไท,bangkok-phaya-thai,พหลโยธิน,พหลโยธิน,ช่วงแยกสะพานควาย,15,80,71
2026-05-31,,เขตราชเทวี,bangkok-ratchathewi,ศรีอยุธยา,ศรีอยุธยา,หน้าโรงเรียนสันติราษฎร์วิทยาลัย,15,60,74
2026-06-02,,เขตวังทองหลาง,bangkok-wang-thonglang,ลาดพร้าว,ลาดพร้าว,ช่วงซอยลาดพร้าว 112 - คลองเจ้าคุณสิงห์ (ฝั่งขาเข้า),15,15,44
2026-06-09,,เขตจตุจักร,bangkok-chatuchak,เสนานิคม,เสนานิคม,ปากซอยเสนานิคม 1 - คลองบางบัว,15,15,42.5
2026-06-09,,เขตจตุจักร,bangkok-chatuchak,พหลโยธิน,พหลโยธิน,ช่วงใต้สถานีรถไฟฟ้า มหาวิทยาลัยเกษตรศาสตร์,20,30,42.5
2026-06-12,,เขตบางขุนเทียน,bangkok-bang-khun-thian,ท่าข้าม,ท่าข้าม,ช่วงซอยท่าข้าม 3,15,140,52
2026-06-12,,เขตบางขุนเทียน,bangkok-bang-khun-thian,บางกระดี่,บางกระดี่,บางกระดี่ซอย 3 - ซอย 15,25,90,52
2026-06-12,,เขตบางรัก,bangkok-bang-rak,ศาลาแดง,ศาลาแดง,ช่วง ซอย ศาลาแดง 1/1,15,85,37.5
2026-06-12,,เขตยานนาวา,bangkok-yannawa,สาธุประดิษฐ์,สาธุประดิษฐ์,ช่วงซอยสาธุประดิษฐ์15 แยก 6,15,40,41.5
2026-06-12,,เขตสวนหลวง,bangkok-suan-luang,ถาวรธวัช,ถาวรธวัช,ช่วงอุโมงค์ถาวรธวัช ทางลอดทางแยกถนนพระราม 9  (ทั้งขาเข้าขาออก),10,140,29
2026-06-12,,เขตสาทร,bangkok-sathorn,สาธุประดิษฐ์,สาธุประดิษฐ์,ช่วงซอยสาธุประดิษฐ์ ซอย 2,15,45,51.5
2026-06-16,,เขตบางบอน,bangkok-bang-bon,เอกชัย,เอกชัย,ช่วงปากซอยเอกชัย 87/1,15,45,45.5
2026-06-16,,เขตประเวศ,bangkok-prawet,อ่อนนุช,อ่อนนุช,ช่วงปากซอยอ่อนนุช 59,15,100,46.5
2026-06-16,,เขตลาดกระบัง,bangkok-lat-krabang,ลาดกระบัง,ลาดกระบัง,แยกกิ่งแก้ว,20,165,37
2026-06-18,,เขตบางนา,bangkok-bang-na,สุขุมวิท,สุขุมวิท,ช่วงสถานีรถไฟฟ้าแบริ่ง,15,35,30
2026-06-18,,เขตประเวศ,bangkok-prawet,เฉลิมพระเกียรติ ร.๙,เฉลิมพระเกียรติ ร.๙,ช่วงแยกศรีอุดม,20,65,33
2026-06-18,,เขตลาดกระบัง,bangkok-lat-krabang,ลาดกระบัง,ลาดกระบัง,ช่วงแยกกิ่งแก้ว,20,90,22
2026-06-18,,เขตสายไหม,bangkok-sai-mai,สุขาภิบาล 5,สุขาภิบาล 5,ช่วงหน้าตลาดออเงิน,15,85,63
2026-06-19,,เขตบางขุนเทียน,bangkok-bang-khun-thian,บางขุนเทียน,บางขุนเทียน,ช่วงตรงข้ามซอยบางขุนเทียน 10,15,50,53.5
2026-06-19,,เขตบางแค,bangkok-bang-khae,หมู่บ้านเศรษฐกิจ,หมู่บ้านเศรษฐกิจ,ช่วง ปากซอยหมู่บ้านเศรษฐกิจ 5 - ซอย7,10,55,35
2026-06-19,,เขตบางขุนเทียน,bangkok-bang-khun-thian,บางกระดี่,บางกระดี่,ช่วงหน้าตลาดบางกระดี่,15,110,53.5
2026-06-19,,เขตบางขุนเทียน,bangkok-bang-khun-thian,ท่าข้าม,ท่าข้าม,ช่วงปากซอยท่าข้าม 3,20,170,53.5
2026-06-19,,เขตประเวศ,bangkok-prawet,เฉลิมพระเกียรติ ร.๙,เฉลิมพระเกียรติ ร.๙,ช่วงแยกศรีอุดม (ขาเข้า),10,65,41.5
2026-06-19,,เขตประเวศ,bangkok-prawet,เฉลิมพระเกียรติ ร.๙,เฉลิมพระเกียรติ ร.๙,ช่วงแยกศรีอุดม (ขาออก),10,65,41.5
2026-06-19,,เขตพระโขนง,bangkok-phra-khanong,สุขุมวิท 101/1,สุขุมวิท 101/1,วชิรธรรมสาธิต (ช่วงสามแยกวัดทุ่ง),15,20,48
2026-06-19,,เขตประเวศ,bangkok-prawet,เฉลิมพระเกียรติ ร.๙,เฉลิมพระเกียรติ ร.๙,ช่วงปากซ.เฉลิมพระเกียรติ ร.9 40,15,50,41.5
2026-06-19,,เขตลาดกระบัง,bangkok-lat-krabang,ลาดกระบัง,ลาดกระบัง,ช่วงแยกกิ่งแก้ว,20,245,33
2026-06-24,,เขตบางขุนเทียน,bangkok-bang-khun-thian,บางกระดี่,บางกระดี่,ช่วงหน้าตลาดบางกระดี่,15,100,40
2026-06-25,,เขตบางเขน,bangkok-bang-khen,รามอินทรา,รามอินทรา,ช่วงปากซอยรามอินทราซอย 5,15,170,64
2026-06-25,,เขตหลักสี่,bangkok-lak-si,แจ้งวัฒนะ,แจ้งวัฒนะ,หน้าโลตัสหลักสี่,15,70,51.5
2026-06-25,,เขตหลักสี่,bangkok-lak-si,แจ้งวัฒนะ,แจ้งวัฒนะ,ช่วงหน้า มทบ.11,15,70,51.5
2026-06-25,,เขตบางเขน,bangkok-bang-khen,แจ้งวัฒนะ,แจ้งวัฒนะ,หน้ามหาวิทยาลัยราชภัฎพระนคร,10,70,64
2026-06-25,,เขตสายไหม,bangkok-sai-mai,พหลโยธิน,พหลโยธิน,ช่วงซอยพหลโยธิน 60/1,10,35,68.5
2026-06-25,,เขตสายไหม,bangkok-sai-mai,สุขาภิบาล 5,สุขาภิบาล 5,ช่วงหน้าตลาดออเงิน,10,80,68.5
2026-06-25,,เขตลาดพร้าว,bangkok-lat-phrao,สุคนธสวัสดิ์,สุคนธสวัสดิ์,ตรงข้ามซอยสุคนธสวัสดิ์25/2,15,130,52.5
2026-06-25,,เขตบึงกุ่ม,bangkok-bung-kum,นวมินทร์,นวมินทร์,ช่วงซอยนวมินทร์ 105,10,15,26
2026-06-25,,เขตลาดพร้าว,bangkok-lat-phrao,นาคนิวาส,นาคนิวาส,ช่วงซอยนาคนิวาส 38,10,70,52.5
2026-06-26,,เขตภาษีเจริญ,bangkok-phasi-charoen,เพชรเกษม,เพชรเกษม,ช่วงใต้สถานีรถไฟฟ้า BTS บางหว้า,15,50,
2026-06-27,,เขตสายไหม,bangkok-sai-mai,สุขาภิบาล 5,สุขาภิบาล 5,ตลาดสดออเงิน,15,55,53.5
2026-06-28,,เขตภาษีเจริญ,bangkok-phasi-charoen,เพชรเกษม,เพชรเกษม,ช่วงปากซอยเพชรเกษม 42,10,35,73.5
2026-06-28,,เขตบึงกุ่ม,bangkok-bung-kum,นวมินทร์,นวมินทร์,ช่วงซอยนวมินทร์ 105,10,95,19
2026-06-28,,เขตลาดพร้าว,bangkok-lat-phrao,โชคชัย 4,โชคชัย 4,ช่วงปากซอยโชคชัย 4 ซอย 40,20,170,33.5
2026-06-28,,เขตลาดพร้าว,bangkok-lat-phrao,นาคนิวาส,นาคนิวาส,ช่วงซอยนาคนิวาส 38,15,265,33.5
2026-06-28,,เขตจตุจักร,bangkok-chatuchak,พหลโยธิน,พหลโยธิน,ช่วงหน้าเซนทรัลลาดพร้าว (ทั้งสองฝั่ง),10,170,68
2026-06-28,,เขตบึงกุ่ม,bangkok-bung-kum,นวมินทร์,นวมินทร์,ช่วงซอย นวมินทร์ 155,20,80,19
2026-06-28,,เขตจตุจักร,bangkok-chatuchak,พหลโยธิน,พหลโยธิน,ช่วงหน้ามหาวิทยาลัยเกษตรศาสตร์,10,10,68
2026-06-28,,เขตจตุจักร,bangkok-chatuchak,รัชดาภิเษก,รัชดาภิเษก,ช่วงหน้ามหาวิทาลัยราชภัฎจันทรเกษม,15,105,68
2026-06-28,,เขตลาดพร้าว,bangkok-lat-phrao,สุคนธสวัสดิ์,สุคนธสวัสดิ์,ปากซอยสุคนธสวัสดิ์ 38,10,180,33.5
2026-06-28,,เขตบางคอแหลม,bangkok-bang-kho-laem,ตก,ตก,แยกถนนตก,20,55,37.5
2026-06-28,,เขตจตุจักร,bangkok-chatuchak,รัชดาภิเษก,รัชดาภิเษก,ช่วงอุโมงค์ทางลงแยกรัชโยธิน (ฝั่งขาออก),10,110,68
2026-06-28,,เขตตลิ่งชัน,bangkok-taling-chan,บรมราชชนนี,บรมราชชนนี,หน้าสถานีขนส่งกรุงเทพปิ่นเกล้า,10,20,63
2026-07-02,,เขตราชเทวี,bangkok-ratchathewi,ศรีอยุธยา,ศรีอยุธยา,วังสวนผักกาด,15,60,55
2026-07-02,,เขตราชเทวี,bangkok-ratchathewi,ศรีอยุธยา,ศรีอยุธยา,โรงเรียนสันติราษฏร์,15,35,55
2026-07-02,,เขตราชเทวี,bangkok-ratchathewi,บรรทัดทอง,บรรทัดทอง,ตัดถนนเพชรบุรี,15,65,55
2026-07-02,,เขตราชเทวี,bangkok-ratchathewi,พระรามที่ 6,พระราม 6,ตลาดประแจจีน,15,40,55
2026-07-02,,เขตบางรัก,bangkok-bang-rak,พระรามที่ 4,พระราม 4,แยกมหานคร,10,15,80
2026-07-02,,เขตราชเทวี,bangkok-ratchathewi,เพชรบุรี,เพชรบุรี,แยกเพชรพระราม,15,60,55
2026-07-02,,เขตบางรัก,bangkok-bang-rak,ศาลาแดง,ศาลาแดง,ซอย 1/1,15,120,80
2026-07-16,,เขตประเวศ,bangkok-prawet,เฉลิมพระเกียรติ ร.๙,เฉลิมพระเกียรติ ร.๙,แยกศรีอุดม,15,45,47.5
2026-07-16,,เขตบางขุนเทียน,bangkok-bang-khun-thian,บางกระดี่,บางกระดี่,ช่วงปากซอยบางกระดี 3 -8,15,35,21.5
2026-07-16,,เขตลาดกระบัง,bangkok-lat-krabang,หลวงแพ่ง,หลวงแพ่ง,หน้าโลตัสหลวงแพ่ง,15,140,52.5
2026-07-16,,เขตลาดกระบัง,bangkok-lat-krabang,ลาดกระบัง,ลาดกระบัง,แยกกิ่งแก้ว (ช่วงทางโค้ง),20,40,52.5
2026-07-16,,เขตพระโขนง,bangkok-phra-khanong,สุขุมวิท 101/1,สุขุมวิท 101/1,วชิรธรรมสาธิต ช่วง สามแยกวัดทุ่ง,15,45,47
2026-07-22,,เขตหลักสี่,bangkok-lak-si,วิภาวดีรังสิต,วิภาวดีรังสิต,หน้าTPBS,10,60,49
2026-07-23,,เขตลาดกระบัง,bangkok-lat-krabang,หลวงแพ่ง,หลวงแพ่ง,หน้าโลตัสลาดกระบัง,15,80,35
2026-07-23,,เขตลาดกระบัง,bangkok-lat-krabang,ลาดกระบัง,ลาดกระบัง,ช่วงแยกสุวรรณภูมิ,10,90,35
2026-07-23,,เขตลาดกระบัง,bangkok-lat-krabang,ลาดกระบัง,ลาดกระบัง,แยกกิ่งแก้ว,15,110,35
2026-07-27,,เขตจตุจักร,bangkok-chatuchak,รัชดาภิเษก,รัชดาภิเษก,อุโมงค์ทางลอดทางแยกรัชโยธิน,10,90,51
2026-07-27,,เขตบางเขน,bangkok-bang-khen,รามอินทรา,รามอินทรา,ช่วงปากซอยรามอินทราซอย 5,10,65,26.5
2026-07-27,,เขตจตุจักร,bangkok-chatuchak,เสนานิคม,เสนานิคม,ช่วงซอยเสนานิคม 1 แยก 9,20,55,51
2026-07-27,,เขตหลักสี่,bangkok-lak-si,วิภาวดีรังสิต,วิภาวดีรังสิต,ด่านทางด่วน - ช่วงซอยวิภาวดีรังสิต 68,10,55,26.5
2026-07-30,,เขตบางเขน,bangkok-bang-khen,รามอินทรา,รามอินทรา,ช่วงปากซอยรามอินทราซอย 5,15,,58
2026-07-30,,เขตลาดพร้าว,bangkok-lat-phrao,สุคนธสวัสดิ์,สุคนธสวัสดิ์,ช่วงซอยสุคนธสวัสดิ์ 17-27,20,,31
2026-07-30,,เขตราชเทวี,bangkok-ratchathewi,เพชรบุรี,เพชรบุรี,ช่วงแยกเพชรพระราม,10,35,50.5
2026-07-30,,เขตดินแดง,bangkok-din-daeng,รัชดาภิเษก,รัชดาภิเษก,ช่วงแยกเทียมร่วมมิตร,15,40,48.5
2026-07-30,,เขตราชเทวี,bangkok-ratchathewi,บรรทัดทอง,บรรทัดทอง,ช่วงถนนเพชรบุรี,15,55,50.5
2026-07-30,,เขตลาดพร้าว,bangkok-lat-phrao,โชคชัย 4,โชคชัย 4,ช่วงซอยโชคชัย 40,20,110,31
2026-07-30,,เขตสายไหม,bangkok-sai-mai,สุขาภิบาล5,สุขาภิบาล 5,ช่วงหน้าตลาดออเงิน,15,60,70.5
2026-07-30,,เขตดินแดง,bangkok-din-daeng,ประชาสุข,ประชาสุข,ช่วงซอยอินทามระ 34,15,45,48.5
2026-07-30,,เขตราชเทวี,bangkok-ratchathewi,ศรีอยุธยา,ศรีอยุธยา,ช่วงโรงเรียนศรีอยุธยา,15,25,50.5
2026-07-30,,เขตห้วยขวาง,bangkok-huai-khwang,ประชาอุทิศ,ประชาอุทิศ,ช่วงหน้าสำนักงานเขตห้วยขวาง,15,115,49.5
2026-07-30,,เขตวังทองหลาง,bangkok-wang-thonglang,ลาดพร้าว,ลาดพร้าว,ช่วงซอยลาดพร้าว 110,10,30,53.5
2026-07-30,,เขตบึงกุ่ม,bangkok-bung-kum,นวมินทร์,นวมินทร์,ช่วงซอย 46 (สันติอโศก),10,20,22
2026-07-30,,เขตบึงกุ่ม,bangkok-bung-kum,นวมินทร์,นวมินทร์,ช่วงซอยนวมินทร์ 105,10,15,22
2026-08-06,,เขตพญาไท,bangkok-phaya-thai,พหลโยธิน,พหลโยธิน,ซอยพหลโยธิน 7 ใต้บีทีเอส อารีย์,15,43,62
2026-08-06,,เขตดินแดง,bangkok-din-daeng,ประชาสุข,ประชาสุข,ถ.ประชาสุข (ซ.อินทามระ 34),20,45,32.5
2026-08-06,,เขตพญาไท,bangkok-phaya-thai,พหลโยธิน,พหลโยธิน,ถ.พหลฯ (ซ.สายลม),15,35,62
2026-08-06,,เขตลาดพร้าว,bangkok-lat-phrao,ลาดพร้าววังหิน,ลาดพร้าววังหิน,ถ.ลาดพร้าววังหิน (ซ. 64),15,25,43
2026-08-06,,เขตลาดพร้าว,bangkok-lat-phrao,โชคชัย 4,โชคชัย 4,ถ.โชคชัย 4 (ซ. 40) *,20,65,43
2026-08-10,,เขตลาดกระบัง,bangkok-lat-krabang,หลวงแพ่ง,หลวงแพ่ง,หน้าโลตัสสาขาลาดกระบัง,10,90,26.5
2026-08-15,,เขตบางเขน,bangkok-bang-khen,รามอินทรา,รามอินทรา,ซอย 5,15,45,28
2026-08-17,,เขตคลองสามวา,bangkok-khlong-sam-wa,ปัญญาเนเชอรัลพาร์ค,ปัญญาเนเชอรัลพาร์ค,ทางเข้าหมู่บ้านพร้อมพัฒน์ 2,20,180,52.5
2026-08-17,,เขตจตุจักร,bangkok-chatuchak,พหลโยธิน,พหลโยธิน,ช่วงใต้สถานีรถไฟฟ้าเสนานิคม,10,85,50
2026-08-19,,เขตบางขุนเทียน,bangkok-bang-khun-thian,บางกระดี่,บางกระดี่,ซอย 3-8,15,30,45
2026-08-29,,เขตบางเขน,bangkok-bang-khen,รามอินทรา,รามอินทรา,ปากซอยรามอินทรา ซอย5,10,15,25
2026-08-31,,เขตลาดกระบัง,bangkok-lat-krabang,หลวงแพ่ง,หลวงแพ่ง,ช่วงโลตัสลาดกระบัง,10,40,18.5
2026-09-03,,เขตวังทองหลาง,bangkok-wang-thonglang,ลาดพร้าว,ลาดพร้าว,ช่วง ซ.ลาดพร้าว 110,15,30,34.5
2026-09-03,,เขตสวนหลวง,bangkok-suan-luang,พัฒนาการ,พัฒนาการ,พัฒนาการ30 หน้าโรงเรียนมัจริซ,10,45,33.5
2026-09-03,,เขตสวนหลวง,bangkok-suan-luang,พัฒนาการ,พัฒนาการ,พัฒนาการ25 แยกธาวรธวัช,10,45,33.5
2026-09-10,,เขตบางบอน,bangkok-bang-bon,เอกชัย,เอกชัย,ช่วงปากซอยเอกชัย 87/1,10,115,71.5
2026-09-10,,เขตบางบอน,bangkok-bang-bon,บางขุนเทียน,บางขุนเทียน,ช่วงตรงข้ามซอยบางขุนเทียน 10,15,,71.5
2026-09-10,,เขตจอมทอง,bangkok-chom-thong,จอมทอง,จอมทอง,แยกจอมทอง,15,145,90
2026-09-10,,เขตบางบอน,bangkok-bang-bon,เอกชัย,เอกชัย,ช่วงห้างบิ๊กซีบางบอน,15,110,71.5
2026-09-10,,เขตบางขุนเทียน,bangkok-bang-khun-thian,ท่าข้าม,ท่าข้าม,ช่วงซอยท่าข้าม 3,20,140,82
2026-09-10,,เขตบางบอน,bangkok-bang-bon,เอกชัย,เอกชัย,ช่วงปากซอยเอกชัย 60,15,115,71.5
2026-09-10,,เขตภาษีเจริญ,bangkok-phasi-charoen,เพชรเกษม,เพชรเกษม,ช่วงปากซอยเพชรเกษม 33,15,125,57
2026-09-10,,เขตสาทร,bangkok-sathorn,สาธุประดิษฐ์,สาธุประดิษฐ์,แยกสาธุประดิษฐ์ตัดถนนจันทน์ - ซอยสาธุประดิษฐ์ 14,25,95,56.5
2026-09-10,,เขตทุ่งครุ,bangkok-thung-khru,ประชาอุทิศ,ประชาอุทิศ,ช่วงซอยประชาอุทิศ 60/1,20,,90.5
2026-09-10,,เขตบางขุนเทียน,bangkok-bang-khun-thian,บางกระดี่,บางกระดี่,ช่วงปากซอยบางกระดี่ 31 - 35/1,15,140,82
2026-09-10,,เขตบางขุนเทียน,bangkok-bang-khun-thian,บางกระดี่,บางกระดี่,ช่วงซอยบางกระดี่ 3 ถึง ซอยบางกระดี่ 9,20,135,82
2026-09-10,,เขตยานนาวา,bangkok-yannawa,สาธุประดิษฐ์,สาธุประดิษฐ์,ช่วงปากซอยสาธุประดิษฐ์ 15 แยก 6,15,60,66
2026-09-10,,เขตสาทร,bangkok-sathorn,เซนหลุยส์,เซนหลุยส์,ช่วงเซนหลุยส์ ซอย 3,15,105,56.5
2026-09-10,,เขตคลองเตย,bangkok-khlong-toei,สุขุมวิท26,สุขุมวิท 26,ช่วงหน้าโรงแรมเดอะโฟร์วิงส์,15,50,43.5
2026-09-10,,เขตคลองเตย,bangkok-khlong-toei,สุขุมวิท26,สุขุมวิท 26,ช่วงซอยอรรถกวี 3,20,40,43.5
2026-09-10,,เขตสาทร,bangkok-sathorn,จันทน์,จันทน์,บริเวณตลาด,10,30,56.5
2026-09-10,,เขตวัฒนา,bangkok-watthana,สุขุมวิท 39,สุขุมวิท 39,ช่วงซอยพร้อมมิตร,10,45,43.5
2026-09-10,,เขตสาทร,bangkok-sathorn,นางลิ้นจี่,นางลิ้นจี่,ช่วงแยกถนนเย็นอากาศ,20,35,56.5
2026-09-10,,เขตคลองเตย,bangkok-khlong-toei,สุขุมวิท,สุขุมวิท,ภายในซอยสุขุมวิท 22,10,90,43.5
2026-09-10,,เขตบางขุนเทียน,bangkok-bang-khun-thian,ท่าข้าม,ท่าข้าม,ช่วงถนนท่าข้ามซอย 6,15,140,82
2026-09-10,,เขตบางคอแหลม,bangkok-bang-kho-laem,ตก,ตก,แยกถนนตก,15,,89.5
2026-09-10,,เขตภาษีเจริญ,bangkok-phasi-charoen,ศาลธนบุรี,ศาลธนบุรี,แยกเทอดไทย - คลองบางประทุน,15,90,57
2026-09-11,,เขตบึงกุ่ม,bangkok-bung-kum,นวมินทร์,นวมินทร์,ช่วง ปากซอยนวมินทร์105,10,30,28.5
2026-09-15,,เขตบางขุนเทียน,bangkok-bang-khun-thian,บางกระดี่,บางกระดี่,ถ.บางกระดี่ ช่วงหน้าตลาดบางกระดี่ *,15,75,38
2026-09-15,,เขตดินแดง,bangkok-din-daeng,ประชาสุข,ประชาสุข,ถ.ประชาสุข ช่วง ซ.อินทามระ 34 *,20,155,62
2026-09-15,,เขตบางรัก,bangkok-bang-rak,ศาลาแดง,ศาลาแดง,ถ.ศาลาแดง ช่วง ซ.ศาลาแดง 1/1 *,10,90,72
2026-09-15,,เขตบึงกุ่ม,bangkok-bung-kum,นวมินทร์,นวมินทร์,ถ.นวมินทร์ ช่วง ซ.นวมินทร์ 105 *,15,120,22.5
2026-09-15,,เขตราชเทวี,bangkok-ratchathewi,เพชรบุรี,เพชรบุรี,ถ.เพชรบุรี ช่วงแยกเพชรพระราม *,10,115,59.5
2026-09-15,,เขตลาดพร้าว,bangkok-lat-phrao,โชคชัย 4,โชคชัย 4,ถ.โชคชัย 4 ช่วง ซ.โชคชัย 40 *,10,270,43.5
2026-09-15,,เขตดินแดง,bangkok-din-daeng,รัชดาภิเษก,รัชดาภิเษก,ถ.รัชดาภิเษก ช่วงแยกเทียมร่วมมิตร,15,110,62
2026-09-15,,เขตดินแดง,bangkok-din-daeng,ดินแดง,ดินแดง,ถ.ดินแดง ช่วงทางเข้าโรงเรียนพิบูลประชาสรรค์ *,20,85,62
2026-09-15,,เขตบางรัก,bangkok-bang-rak,สุรวงศ์,สุรวงศ์,ถ.สุรวงศ์ ช่วงใต้ทางด่วน,15,75,72
2026-09-15,,เขตพญาไท,bangkok-phaya-thai,ประดิพัทธ์,ประดิพัทธ์,ประดิพัทธ์ ซอย 21-23,15,45,68.5
2026-09-15,,เขตราชเทวี,bangkok-ratchathewi,นิคมมักกะสัน,นิคมมักกะสัน,ถ.นิคมมักกะสัน แยกราชปรารภ,15,45,59.5
2026-09-15,,เขตราชเทวี,bangkok-ratchathewi,บรรทัดทอง,บรรทัดทอง,ถ.บรรทัดทอง ช่วงถนนเพชรบุรี,20,95,59.5
2026-09-15,,เขตราชเทวี,bangkok-ratchathewi,ศรีอยุธยา,ศรีอยุธยา,หน้าวังสวนผักกาด,20,285,59.5
2026-09-15,,เขตราชเทวี,bangkok-ratchathewi,ศรีอยุธยา,ศรีอยุธยา,ถ.ศรีอยุธยา ช่วงโรงเรียนศรีอยุธยา,30,110,59.5
2026-09-15,,เขตบางคอแหลม,bangkok-bang-kho-laem,ตก,ตก,แยก ถนนตก,15,100,48
2026-09-15,,เขตดินแดง,bangkok-din-daeng,ประชาสงเคราะห์,ประชาสงเคราะห์,ถ.ประชาสงเคราะห์ ตลาดห้วยขวาง,15,65,62
2026-09-15,,เขตดินแดง,bangkok-din-daeng,ประชาสงเคราะห์,ประชาสงเคราะห์,ถ.ประชาสงเคราะห์ ช่วง ซ.ประชาสงเคราะห์ 9 *,20,80,62
2026-09-15,,เขตป้อมปราบศัตรูพ่าย,bangkok-pom-prap-sattru-phai,หลานหลวง,หลานหลวง,ถ.หลานหลวง หน้าธนาคารกรุงไทย,10,105,58.5
2026-09-15,,เขตราชเทวี,bangkok-ratchathewi,พระรามที่ 6,พระราม 6,ถ.พระรามที่ 6 ช่วงตลาดประแจจีน,15,65,59.5
2026-09-15,,เขตสายไหม,bangkok-sai-mai,สุขาภิบาล 5,สุขาภิบาล 5,ถ.สุขาภิบาล ๕ ช่วงหน้าตลาดสดออเงิน *,20,135,48
2026-09-15,,เขตห้วยขวาง,bangkok-huai-khwang,ประชาอุทิศ,ประชาอุทิศ,ถ.ประชาอุทิศ ช่วงตรงข้ามสำนักงานเขตห้วยขวาง *,20,290,58.5
2026-09-15,,เขตบางเขน,bangkok-bang-khen,รามอินทรา,รามอินทรา,ถ.รามอินทรา ช่วง ซ.รามอินทรา 5 *,15,165,35.5
2026-09-15,,เขตบึงกุ่ม,bangkok-bung-kum,นวมินทร์,นวมินทร์,ถ.นวมินทร์ ช่วง ซ.นวมินทร์ 155 *,15,80,22.5
2026-09-15,,เขตบึงกุ่ม,bangkok-bung-kum,นวมินทร์,นวมินทร์,ถ.นวมินทร์ ช่วง ซ.นวมินทร์ 38 *,20,105,22.5
2026-09-15,,เขตลาดพร้าว,bangkok-lat-phrao,นาคนิวาส,นาคนิวาส,ถ.นาคนิวาส ช่วง ซ.นาคนิวาส 38 *,15,110,43.5
2026-09-15,,เขตลาดพร้าว,bangkok-lat-phrao,สุคนธสวัสดิ์,สุคนธสวัสดิ์,ถ.สุคนธสวัสดิ์ ช่วงตรงข้าม ซ.สุคนธสวัสดิ์ 25/2 *,20,330,43.5
2026-09-15,,เขตวังทองหลาง,bangkok-wang-thonglang,ลาดพร้าว,ลาดพร้าว,ถ.ลาดพร้าว ช่วง ซ.ลาดพร้าว 89 *,15,105,65.5
2026-09-15,,เขตวังทองหลาง,bangkok-wang-thonglang,ลาดพร้าว,ลาดพร้าว,ถ.ลาดพร้าว ช่วง ซ.ลาดพร้าว 110 *,20,90,65.5
2026-09-15,,เขตบึงกุ่ม,bangkok-bung-kum,นวมินทร์,นวมินทร์,ถ.นวมินทร์ ช่วงซอย 46 (สันติอโศก),20,85,22.5
2026-09-15,,เขตจตุจักร,bangkok-chatuchak,รัชดาภิเษก,รัชดาภิเษก,ถ.รัชดาภิเษก ช่วงหน้ามหาวิทยาลัยราชภัฏจันทรเกษม *,10,35,68
2026-09-15,,เขตห้วยขวาง,bangkok-huai-khwang,ประชาราษฎร์บำเพ็ญ,ประชาราษฎร์บำเพ็ญ,ถ.ประชาราษฎร์บำเพ็ญ ช่วง ซ.ประชาราษฎร์บำเพ็ญ 14 *,15,235,58.5
2026-09-15,,เขตจตุจักร,bangkok-chatuchak,เสนานิคม 1 ซอย 1,เสนานิคม 1 ซอย 1,ถนนเสนานิคม 1,20,50,68
2026-09-16,,เขตสายไหม,bangkok-sai-mai,สุขาภิบาล 5,สุขาภิบาล 5,หน้าตลาดออเงิน,15,140,55
2026-09-16,,เขตจตุจักร,bangkok-chatuchak,เสนานิคม,เสนานิคม,ช่วงปากซอยเสนานิคม 1  ถึง เสนานิคม 1 ซอย 15,20,220,58
2026-09-16,,เขตลาดพร้าว,bangkok-lat-phrao,ลาดพร้าววังหิน,ลาดพร้าววังหิน,ช่วงซอยลาดพร้าววังหิน 64,10,50,58
2026-09-16,,เขตลาดพร้าว,bangkok-lat-phrao,สุคนธสวัสดิ์,สุคนธสวัสดิ์,ช่วงซอยสุคนธสวัสดิ์ 25/2,15,190,58
2026-09-16,,เขตหลักสี่,bangkok-lak-si,งามวงศ์วาน,งามวงศ์วาน,แยกพงษ์เพชร,15,130,58
2026-09-16,,เขตจตุจักร,bangkok-chatuchak,เทศบาลสงเคราะห์,เทศบาลสงเคราะห์,ช่วงตลาดประชานิเวศน์,15,65,58
2026-09-16,,เขตจตุจักร,bangkok-chatuchak,พหลโยธิน,พหลโยธิน,ช่วงหน้ามหาวิทยาลัยเกษตรศาสตร์,15,65,58
2026-09-16,,เขตจตุจักร,bangkok-chatuchak,รัชดาภิเษก,รัชดาภิเษก,ช่วงซอย 42 - หน้ามหาวิทยาลัยราชภัฎจันทร์เกษม,20,170,58
2026-09-16,,เขตจตุจักร,bangkok-chatuchak,พหลโยธิน,พหลโยธิน,ช่วงโรงเรียนหอวัง,10,95,58
2026-09-16,,เขตจตุจักร,bangkok-chatuchak,พหลโยธิน,พหลโยธิน,ช่วงหน้าโลตัส,10,95,58
2026-09-16,,เขตจตุจักร,bangkok-chatuchak,วิภาวดีรังสิต,วิภาวดีรังสิต,ช่วงซอยเฉยพ่วง - ห้าแยกลาดพร้าว,20,60,58
2026-09-16,,เขตบางเขน,bangkok-bang-khen,รามอินทรา,รามอินทรา,ช่วงซอย รามอินทรา 5,10,160,37
2026-09-18,,เขตลาดกระบัง,bangkok-lat-krabang,หลวงแพ่ง,หลวงแพ่ง,หน้าโลตัสลาดกระบัง,20,65,41
2026-09-18,,เขตลาดกระบัง,bangkok-lat-krabang,ลาดกระบัง,ลาดกระบัง,แยกลาดกระบังตัดสุวรณภูมิ,20,65,41
2026-09-19,,เขตบึงกุ่ม,bangkok-bung-kum,นวมินทร์,นวมินทร์,ถ.นวมินทร์ ช่วง ซ.นวมินทร์ 105,10,65,29.5
2026-09-20,,เขตดินแดง,bangkok-din-daeng,รัชดาภิเษก,รัชดาภิเษก,แยกเทียมร่วมมิตร,15,25,39
2026-09-20,,เขตบางกะปิ,bangkok-bang-kapi,รามคำแหง,รามคำแหง,ช่วงซอยรามคำแหง 14 - 24,10,90,24
2026-09-20,,เขตพระโขนง,bangkok-phra-khanong,สุขุมวิท 101/1,สุขุมวิท 101/1,สามแยกซอยวัดทุ่ง,10,40,40.5
2026-09-20,,เขตบางกะปิ,bangkok-bang-kapi,รามคำแหง,รามคำแหง,ช่วงซอยรามคำแหง 33 - 43,15,70,24
2026-09-23,,เขตบางนา,bangkok-bang-na,บางนา-ตราด,บางนา-ตราด,แยกบางนาขาออก,15,95,37
2026-09-23,,เขตคลองเตย,bangkok-khlong-toei,สุขุมวิท,สุขุมวิท,ซ.สุขุมวิท26 ช่วงซ.อรรถกระวี 3,15,40,40
2026-09-23,,เขตคลองเตย,bangkok-khlong-toei,สุขุมวิท,สุขุมวิท,ซ.สุขุมวิท26 ช่วงกลางซ.สุขุมวิท 26,10,85,40
2026-09-24,,เขตลาดกระบัง,bangkok-lat-krabang,หลวงแพ่ง,หลวงแพ่ง,โลตัสหลวงแพ่ง,20,180,44.5
2026-09-25,2026-09-27,เขตดินแดง,bangkok-din-daeng,ประชาสงเคราะห์,ประชาสงเคราะห์,แยกประชาสงเคราะห์,15,1172,258.5
2026-09-25,2026-09-27,เขตลาดกระบัง,bangkok-lat-krabang,ลาดกระบัง,ลาดกระบัง,แยกกิ่งแก้ว (ช่วงทางโค้ง),20,,
2026-09-25,2026-09-27,เขตจตุจักร,bangkok-chatuchak,วิภาวดีรังสิต,วิภาวดีรังสิต,ช่วงหน้าเขตจตุจักร - แยกลาดพร้าว,20,1100,322.5
2026-09-25,2026-09-27,เขตจตุจักร,bangkok-chatuchak,วิภาวดีรังสิต,วิภาวดีรังสิต,โรงเรียนเซนต์จอห์น - การบินไทย,20,930,322.5
2026-09-25,2026-09-27,เขตวัฒนา,bangkok-watthana,เอกมัย,เอกมัย,เอกมัย ซ.5 - ซ.23,25,1310,266
2026-09-25,2026-09-27,เขตมีนบุรี,bangkok-min-buri,สุวินทวงศ์,สุวินทวงศ์,ช่วงถนนหทัยราษฎร์,20,,
2026-09-25,2026-09-27,เขตลาดพร้าว,bangkok-lat-phrao,นาคนิวาส,นาคนิวาส,ช่วงซอยนาคนิวาส 38,10,105,180
2026-09-25,2026-09-27,เขตลาดพร้าว,bangkok-lat-phrao,สุคนธสวัสดิ์,สุคนธสวัสดิ์,ช่วงซอยตรงข้าม สุคนธสวัสดิ์ 25/2,10,205,180
2026-09-25,2026-09-27,เขตลาดพร้าว,bangkok-lat-phrao,โชคชัย 4,โชคชัย 4,ช่วงปากซอยโชคชัย 4 40,10,75,180
2026-09-25,2026-09-27,เขตวังทองหลาง,bangkok-wang-thonglang,ลาดพร้าว,ลาดพร้าว,ช่วงซอยลาดพร้าว 110,15,115,274
2026-09-25,2026-09-27,เขตดินแดง,bangkok-din-daeng,อโศก-ดินแดง,อโศก-ดินแดง,ประชาสงเคราะห์ - คลองนาซอง,30,1005,258.5
2026-09-25,2026-09-27,เขตมีนบุรี,bangkok-min-buri,สีหบุรานุกิจ,สีหบุรานุกิจ,ช่วงซอยสหบุรานุกิจ 14,15,195,
2026-09-25,2026-09-27,เขตบึงกุ่ม,bangkok-bung-kum,นวมินทร์,นวมินทร์,ช่วงซอยนวมินทร์ 38,10,110,287
2026-09-25,2026-09-27,เขตบึงกุ่ม,bangkok-bung-kum,นวมินทร์,นวมินทร์,ช่วงซอย 46 สันติอโศก,15,65,287
2026-09-25,2026-09-27,เขตลาดกระบัง,bangkok-lat-krabang,เจ้าคุณทหาร,เจ้าคุณทหาร,ช่วงปั้มน้ำมัน PT สาขาเจ้าคุณทหาร 2,15,240,295.5
2026-09-25,2026-09-27,เขตประเวศ,bangkok-prawet,อ่อนนุช,อ่อนนุช,ช่วงซอยอ่อนนุช 59,15,210,256.5
2026-09-25,2026-09-27,เขตวังทองหลาง,bangkok-wang-thonglang,ลาดพร้าว,ลาดพร้าว,ช่วงซอยลาดพร้าว 89,15,60,274
2026-09-25,2026-09-27,เขตสวนหลวง,bangkok-suan-luang,ศรีนครินทร์,ศรีนครินทร์,ช่วงถนนกำแพงเพชร 7,10,95,228
2026-09-25,2026-09-27,เขตหลักสี่,bangkok-lak-si,วิภาวดีรังสิต,วิภาวดีรังสิต,ช่วงซอยวิภาวดี64-68,15,370,266
2026-09-25,2026-09-27,เขตดินแดง,bangkok-din-daeng,มิตรไมตรี,มิตรไมตรี,แยกกระทรวงแรงงาน - ถนนดินแดง (ทั้งสองฝั่ง),15,715,258.5
2026-09-25,2026-09-27,เขตประเวศ,bangkok-prawet,อ่อนนุช,อ่อนนุช,ช่วงซอยอ่อนนุช 59,20,,
2026-09-25,2026-09-27,เขตราชเทวี,bangkok-ratchathewi,เพชรบุรี,เพชรบุรี,แยกอโศก - ทางรถไฟ,40,,224.5
2026-09-25,2026-09-27,เขตราชเทวี,bangkok-ratchathewi,ศรีอยุธยา,ศรีอยุธยา,ฝั่งตรงข้าม สน.พญาไท,15,535,224.5
2026-09-25,2026-09-27,เขตราชเทวี,bangkok-ratchathewi,ศรีอยุธยา,ศรีอยุธยา,แยกพญาไท - แยกราชปรารภ,15,,224.5
2026-09-25,2026-09-27,เขตราชเทวี,bangkok-ratchathewi,รางน้ำ,รางน้ำ,ถนนราชปรารภ - ถนนพญาไท,30,,224.5
2026-09-25,2026-09-27,เขตจตุจักร,bangkok-chatuchak,วิภาวดีรังสิต,วิภาวดีรังสิต,แยกสุทธิการ - คลองบางซื่อ (ขาออก),25,560,258.5
2026-09-25,2026-09-27,เขตดินแดง,bangkok-din-daeng,วิภาวดีรังสิต,วิภาวดีรังสิต,หน้า พัน 1 รอ,15,560,258.5
2026-09-25,2026-09-27,เขตห้วยขวาง,bangkok-huai-khwang,เพชรบุรี,เพชรบุรี,ช่วงสิงห์คอมเพล็กซ์,10,90,280.5
2026-09-25,2026-09-27,เขตลาดพร้าว,bangkok-lat-phrao,สุคนธสวัสดิ์,สุคนธสวัสดิ์,ช่วงตรงข้าม ซ.สุคนธสวัสดิ์ 25/2,15,,180
2026-09-25,2026-09-27,เขตดินแดง,bangkok-din-daeng,ดินแดง,ดินแดง,ถนนวิภาวดีรังสิต - คลองสามเสน (ขาเข้า),25,660,258.5
2026-09-25,2026-09-27,เขตพญาไท,bangkok-phaya-thai,พหลโยธิน,พหลโยธิน,ซอยพหลโยธิน 14 - อนุสาวรีย์ชัย,30,695,316
2026-09-25,2026-09-27,เขตบางกะปิ,bangkok-bang-kapi,รามคำแหง,รามคำแหง,ช่วงตรงข้าม ซ.รามคำแหง 43,30,,
2026-09-25,2026-09-27,เขตบางเขน,bangkok-bang-khen,พหลโยธิน,พหลโยธิน,ช่วงหน้ากรมทหาราบที่ 11 ประตู2,10,120,252
2026-09-25,2026-09-27,เขตบางแค,bangkok-bang-khae,หมู่บ้านเศรษฐกิจ,หมู่บ้านเศรษฐกิจ,ถนนรอบวงเวียน ที่ 3,15,70,165
2026-09-25,2026-09-27,เขตหลักสี่,bangkok-lak-si,วิภาวดีรังสิต,วิภาวดีรังสิต,ดอนเมือง ถึง วัดหลักสี่,20,,266
2026-09-25,2026-09-27,เขตบางเขน,bangkok-bang-khen,รามอินทรา,รามอินทรา,ซ.รามอินทรา5,20,,
2026-09-25,2026-09-27,เขตลาดพร้าว,bangkok-lat-phrao,สุคนธสวัสดิ์,สุคนธสวัสดิ์,ตรงข้ามซอยสุคนธสวัสดิ์25/2,20,,180
2026-09-25,2026-09-27,เขตลาดกระบัง,bangkok-lat-krabang,หลวงแพ่ง,หลวงแพ่ง,ช่วงโลตัสลาดกระบัง,20,,
2026-09-25,2026-09-27,เขตบึงกุ่ม,bangkok-bung-kum,นวมินทร์,นวมินทร์,ซ.นวมินทร์38,20,,
2026-09-25,2026-09-27,เขตดอนเมือง,bangkok-don-mueang,ช่างอากาศอุทิศ,ช่างอากาศอุทิศ,ซ.ช่างอากาศอุทิศ 15,15,,
2026-09-25,2026-09-27,เขตลาดพร้าว,bangkok-lat-phrao,โชคชัย 4,โชคชัย 4,ช่วงซอยโชคชัย 40,20,,180
2026-09-25,2026-09-27,เขตวังทองหลาง,bangkok-wang-thonglang,ลาดพร้าว,ลาดพร้าว,ช่วงซอยลาดพร้าว 110,20,,
2026-09-25,2026-09-27,เขตบางกะปิ,bangkok-bang-kapi,รามคำแหง,รามคำแหง,ซ.รามคำแหง20,20,,
2026-09-25,2026-09-27,เขตจตุจักร,bangkok-chatuchak,พหลโยธิน,พหลโยธิน,หน้าม.เกษตร,15,,322.5
2026-09-25,2026-09-27,เขตบางกะปิ,bangkok-bang-kapi,นวมินทร์,นวมินทร์,แยกบางกะปิ,20,,
2026-09-25,2026-09-27,เขตบางกะปิ,bangkok-bang-kapi,รามคำแหง,รามคำแหง,ซ.รามคำแหง33,20,,
2026-09-25,2026-09-27,เขตดินแดง,bangkok-din-daeng,ประชาสุข,ประชาสุข,ซ.อินทามระ34,20,155,258.5
2026-09-25,2026-09-27,เขตพระโขนง,bangkok-phra-khanong,สุขุมวิท 101/1,สุขุมวิท 101/1,ซ.3แยกวัดทุ่ง,20,,
2026-09-25,2026-09-27,เขตบึงกุ่ม,bangkok-bung-kum,นวมินทร์,นวมินทร์,ซ.นวมินทร์46สันติอโศก,20,,
2026-09-25,2026-09-27,เขตบางกะปิ,bangkok-bang-kapi,หัวหมาก,หัวหมาก,ซ.รามคำแหง24,20,,
2026-09-25,2026-09-27,เขตสวนหลวง,bangkok-suan-luang,ศรีนครินทร์,ศรีนครินทร์,ช่วงถนนกำแพงเพชร 7,20,,
2026-09-25,2026-09-27,เขตลาดพร้าว,bangkok-lat-phrao,นาคนิวาส,นาคนิวาส,ช่วงซอยนาคนิวาส 38,20,,180
2026-09-25,2026-09-27,เขตบึงกุ่ม,bangkok-bung-kum,นวมินทร์,นวมินทร์,ซ.นวมินทร์155,20,365,287
2026-09-25,2026-09-27,เขตห้วยขวาง,bangkok-huai-khwang,ประชาอุทิศ,ประชาอุทิศ,ตรงข้ามสำนักงานเขตห้วยขวาง,15,250,280.5
2026-09-25,2026-09-27,เขตบางกะปิ,bangkok-bang-kapi,นวมินทร์,นวมินทร์,ตรงข้าม สน.ลาดพร้าว,20,,
2026-09-25,2026-09-27,เขตบางเขน,bangkok-bang-khen,แจ้งวัฒนะ,แจ้งวัฒนะ,หน้ามหาวิทยาลัยราชภัฎพระนคร,20,,
2026-09-25,2026-09-27,เขตบางรัก,bangkok-bang-rak,ศาลาแดง,ศาลาแดง,ช่วง ซ.ศาลาแดง 1/1,15,360,258
2026-09-25,2026-09-27,เขตห้วยขวาง,bangkok-huai-khwang,เพชรบุรีตัดใหม่,เพชรบุรีตัดใหม่,ช่วงสิงห์คอมเพล็กซ์,10,,280.5
2026-09-25,2026-09-27,เขตสวนหลวง,bangkok-suan-luang,พัฒนาการ,พัฒนาการ,ซ.พัฒนาการ 53,15,,
2026-09-25,2026-09-27,เขตบางนา,bangkok-bang-na,บางนา-ตราด,บางนา-ตราด,แยกบางนาขาออก,20,,231
2026-09-25,2026-09-27,เขตวังทองหลาง,bangkok-wang-thonglang,ลาดพร้าว,ลาดพร้าว,ภายในซอยลาดพร้าว 122 หน้าโรงแรมชารีน่า,25,,
2026-09-25,2026-09-27,เขตจตุจักร,bangkok-chatuchak,พหลโยธิน,พหลโยธิน,BTSเกษตร-กรมป่าไม้,20,,322.5
2026-09-25,2026-09-27,เขตสวนหลวง,bangkok-suan-luang,สุขุมวิท 71,สุขุมวิท 71,ช่วงแยกคลองตัน,20,,
2026-09-25,2026-09-27,เขตบางเขน,bangkok-bang-khen,เทพรักษ์,เทพรักษ์,ช่วงบิ๊กซีสะพานใหม่,15,,
2026-09-25,2026-09-27,เขตราชเทวี,bangkok-ratchathewi,ศรีอยุธยา,ศรีอยุธยา,ช่วงหน้าวังสวนผักกาด,10,130,
2026-09-25,2026-09-27,เขตลาดพร้าว,bangkok-lat-phrao,ลาดพร้าววังหิน,ลาดพร้าววังหิน,ช่วงซอยลาดพร้าววังหิน 64,15,,
2026-09-25,2026-09-27,เขตบางนา,bangkok-bang-na,ศรีนครินทร์,ศรีนครินทร์,ช่วงวัดศรีเอี่ยม,15,,231
2026-09-25,2026-09-27,เขตประเวศ,bangkok-prawet,เฉลิมพระเกียรติ ร.๙,เฉลิมพระเกียรติ ร.๙,ช่วงแยกศรีอุดม,20,,256.5
2026-09-25,2026-09-27,เขตวังทองหลาง,bangkok-wang-thonglang,ลาดพร้าว,ลาดพร้าว,ช่วงซอยลาดพร้าว 122,20,,274
2026-09-25,2026-09-27,เขตวังทองหลาง,bangkok-wang-thonglang,ลาดพร้าว,ลาดพร้าว,ช่วงซอยลาดพร้าว 89,20,,
2026-09-25,2026-09-27,เขตคลองเตย,bangkok-khlong-toei,สุขุมวิท,สุขุมวิท,ซอยสุขุมวิท 26 ช่วงกลางซอย,15,85,228.5
2026-09-25,2026-09-27,เขตดินแดง,bangkok-din-daeng,รัชดาภิเษก,รัชดาภิเษก,ช่วงหน้าสถานฑูตจีน,15,,258.5
2026-09-25,2026-09-27,เขตบางกะปิ,bangkok-bang-kapi,รามคำแหง,รามคำแหง,ช่วงซอยรามคำแหง 19/1,10,,
2026-09-25,2026-09-27,เขตมีนบุรี,bangkok-min-buri,สีหบุรานุกิจ,สีหบุรานุกิจ,ช่วงซอยสีหบุรานุกิจ 14,15,,
2026-09-25,2026-09-27,เขตดินแดง,bangkok-din-daeng,รัชดาภิเษก,รัชดาภิเษก,ถนนพระราม 9 ถึง ทางรถไฟ,15,,258.5
2026-09-25,2026-09-27,เขตบางขุนเทียน,bangkok-bang-khun-thian,บางกระดี่,บางกระดี่,ซอยบางกระดี่ 35-35/1,10,,151
2026-09-25,2026-09-27,เขตบางขุนเทียน,bangkok-bang-khun-thian,บางกระดี่,บางกระดี่,หน้าตลาดบางกระดี่ - บางกระดี่ 8,15,,151
2026-09-25,2026-09-27,เขตหนองแขม,bangkok-nong-khaem,มาเจริญ,มาเจริญ,หน้าบริษัทไทยรุ่ง,10,,146.5
2026-09-25,2026-09-27,เขตดินแดง,bangkok-din-daeng,ดินแดง,ดินแดง,จากแยกประชาสงเคราะห์ - ถนนวิภาวดีรังสิต,35,,258.5
2026-09-25,2026-09-27,เขตประเวศ,bangkok-prawet,อ่อนนุช,อ่อนนุช,ปั้มบางจาก - ซอยอ่อนุช 74,25,,
2026-10-01,,เขตบางซื่อ,bangkok-bang-sue,ประชาราษฎร์1,ประชาราษฎร์ 1,วัดสร้อยทอง,15,60,37.5
2026-10-01,,เขตจตุจักร,bangkok-chatuchak,เทศบาลสงเคราะห์,เทศบาลสงเคราะห์,ช่วงตลาดประชานิเวศน์,15,70,49
2026-10-01,,เขตหลักสี่,bangkok-lak-si,แจ้งวัฒนะ,แจ้งวัฒนะ,ขาเข้า บริเวณโลตัสหลักสี่,15,100,53.5
2026-10-01,,เขตหลักสี่,bangkok-lak-si,งามวงศ์วาน,งามวงศ์วาน,แยกพงษ์เพชร,15,150,53.5
2026-10-02,,เขตพระนคร,bangkok-phra-nakhon,เยาวราช,เยาวราช,แยกราชวงศ์,25,25,
